date,weather_code,temperature_2m_max,temperature_2m_min,apparent_temperature_mean,daylight_duration,sunshine_duration,precipitation_sum,rain_sum,snowfall_sum,precipitation_hours
2020-01-01,1.0,33.6325,24.332499,30.031357,40787.664,38087.77,0.0,0.0,0.0,0.0
2020-01-02,2.0,33.3325,23.832499,30.477592,40799.34,38100.996,0.0,0.0,0.0,0.0
2020-01-03,1.0,33.732502,23.432499,31.06964,40812.016,38115.348,0.0,0.0,0.0,0.0
2020-01-04,2.0,33.482502,23.432499,31.355614,40825.664,38130.78,0.0,0.0,0.0,0.0
2020-01-05,0.0,34.1325,23.5325,30.877304,40840.26,38147.29,0.0,0.0,0.0,0.0
2020-01-06,1.0,34.0325,23.332499,31.317156,40855.79,38164.84,0.0,0.0,0.0,0.0
2020-01-07,1.0,34.732502,23.2325,31.742373,40872.223,38183.39,0.0,0.0,0.0,0.0
2020-01-08,51.0,34.432503,24.082499,33.222614,40889.54,38202.93,0.1,0.1,0.0,1.0
2020-01-09,1.0,34.2825,24.7325,33.310947,40907.72,38223.42,0.0,0.0,0.0,0.0
2020-01-10,51.0,35.0325,26.0325,34.174908,40926.74,38244.83,0.1,0.1,0.0,1.0
2020-01-11,51.0,33.982502,26.6325,34.68304,40946.566,36921.52,1.2,1.2,0.0,5.0
2020-01-12,53.0,33.0825,24.2825,33.402935,40967.19,36423.418,1.6000001,1.6000001,0.0,8.0
2020-01-13,53.0,32.0325,25.082499,32.80701,40988.586,38314.34,1.1,1.1,0.0,5.0
2020-01-14,51.0,32.182503,24.682499,32.569637,41010.773,38339.26,0.4,0.4,0.0,2.0
2020-01-15,51.0,30.832499,25.2825,32.718327,41034.01,38365.5,0.8000001,0.8000001,0.0,4.0
2020-01-16,51.0,32.982502,25.082499,32.666317,41058.293,38392.92,0.2,0.2,0.0,2.0
2020-01-17,1.0,33.1325,25.432499,33.64166,41083.58,38421.465,0.0,0.0,0.0,0.0
2020-01-18,51.0,32.0325,25.582499,33.69427,41109.812,38431.95,0.1,0.1,0.0,1.0
2020-01-19,51.0,32.0825,26.1325,33.772648,41136.96,38159.44,1.9,1.9,0.0,10.0
2020-01-20,51.0,32.682503,25.2325,33.27631,41164.977,38513.234,0.1,0.1,0.0,1.0
2020-01-21,51.0,32.3325,24.832499,33.3673,41193.81,37917.56,0.70000005,0.70000005,0.0,5.0
2020-01-22,51.0,33.682503,25.582499,33.922115,41223.418,37646.523,0.2,0.2,0.0,2.0
2020-01-23,51.0,33.182503,25.8825,33.67416,41253.766,38613.094,0.8,0.8,0.0,5.0
2020-01-24,1.0,33.1325,26.1325,33.109745,41284.797,38647.92,0.0,0.0,0.0,0.0
2020-01-25,51.0,32.3325,25.3825,31.490839,41316.484,38334.516,0.2,0.2,0.0,2.0
2020-01-26,1.0,33.2825,24.1325,32.37762,41348.773,38719.574,0.0,0.0,0.0,0.0
2020-01-27,51.0,33.1325,20.7325,28.923307,41381.625,38756.305,0.2,0.2,0.0,1.0
2020-01-28,1.0,32.6325,20.682499,29.286905,41415.0,38793.56,0.0,0.0,0.0,0.0
2020-01-29,1.0,33.5825,23.332499,30.887907,41448.86,38831.305,0.0,0.0,0.0,0.0
2020-01-30,51.0,32.3325,23.2825,29.561983,41483.152,38869.473,0.5,0.5,0.0,2.0
2020-01-31,2.0,32.5825,22.932499,29.294249,41517.855,38908.035,0.0,0.0,0.0,0.0
2020-02-01,1.0,33.482502,22.2325,29.701286,41552.918,38946.934,0.0,0.0,0.0,0.0
2020-02-02,1.0,32.732502,23.432499,31.76922,41588.31,38986.13,0.0,0.0,0.0,0.0
2020-02-03,51.0,32.0325,24.5325,32.004955,41624.05,39025.617,0.2,0.2,0.0,2.0
2020-02-04,51.0,31.6325,25.432499,31.334642,41660.492,39065.72,0.70000005,0.70000005,0.0,4.0
2020-02-05,51.0,31.682499,25.332499,31.499392,41697.668,39106.594,0.4,0.4,0.0,2.0
2020-02-06,51.0,31.7825,24.432499,31.59717,41735.523,39148.176,0.2,0.2,0.0,2.0
2020-02-07,51.0,33.482502,24.2825,32.728336,41774.01,39190.4,0.1,0.1,0.0,1.0
2020-02-08,51.0,34.0825,24.082499,33.198036,41813.09,39233.21,0.70000005,0.70000005,0.0,2.0
2020-02-09,51.0,34.482502,24.2825,30.396116,41852.71,38998.79,0.3,0.3,0.0,1.0
2020-02-10,2.0,32.6325,24.582499,30.311295,41892.83,35996.04,0.0,0.0,0.0,0.0
2020-02-11,2.0,35.182503,24.932499,33.01337,41933.41,39345.953,0.0,0.0,0.0,0.0
2020-02-12,51.0,32.682503,25.9825,33.077923,41974.4,39368.457,0.70000005,0.70000005,0.0,5.0
2020-02-13,1.0,33.932503,25.9825,32.54961,42015.76,39391.86,0.0,0.0,0.0,0.0
2020-02-14,1.0,33.5825,23.4825,32.095837,42057.453,39416.1,0.0,0.0,0.0,0.0
2020-02-15,3.0,35.3825,22.332499,30.693296,42099.434,39441.133,0.0,0.0,0.0,0.0
2020-02-16,1.0,34.732502,22.582499,30.754011,42141.664,39466.9,0.0,0.0,0.0,0.0
2020-02-17,51.0,34.932503,24.4825,33.132572,42184.098,39493.35,0.1,0.1,0.0,1.0
2020-02-19,1.0,33.982502,23.432499,29.963835,42269.434,39548.12,0.0,0.0,0.0,0.0
2020-02-20,1.0,34.682503,23.3825,29.700289,42312.26,39576.344,0.0,0.0,0.0,0.0
2020-02-21,1.0,34.432503,22.9825,28.387321,42355.133,39600.0,0.0,0.0,0.0,0.0
2020-02-22,0.0,34.6325,23.082499,28.680792,42398.023,39600.0,0.0,0.0,0.0,0.0
2020-02-23,1.0,34.232502,23.7325,29.365555,42440.953,39600.0,0.0,0.0,0.0,0.0
2020-02-24,0.0,34.682503,22.6325,30.732512,42484.293,39600.0,0.0,0.0,0.0,0.0
2020-02-25,51.0,32.6325,23.682499,32.055923,42528.06,39600.0,0.2,0.2,0.0,2.0
2020-02-26,51.0,33.0325,25.682499,33.04607,42572.223,39600.0,0.2,0.2,0.0,1.0
2020-02-27,63.0,31.4825,25.932499,33.257713,42616.742,34782.508,6.6,6.6,0.0,4.0
2020-02-28,51.0,32.432503,25.3825,32.574917,42661.582,39600.0,1.1,1.1,0.0,6.0
2020-02-29,51.0,32.182503,25.6325,32.723503,42706.707,39600.0,0.3,0.3,0.0,3.0
2020-03-01,51.0,33.3825,26.1325,33.269756,42752.082,39600.0,0.1,0.1,0.0,1.0
2020-03-02,1.0,33.3325,26.7325,33.125473,42797.67,39600.0,0.0,0.0,0.0,0.0
2020-03-03,2.0,33.732502,26.8825,32.685707,42843.434,39600.0,0.0,0.0,0.0,0.0
2020-03-04,2.0,34.2825,26.682499,33.071957,42889.348,32400.0,0.0,0.0,0.0,0.0
2020-03-05,51.0,33.482502,26.332499,33.249973,42935.367,39600.0,0.4,0.4,0.0,4.0
2020-03-06,61.0,33.7825,26.3825,33.320866,42981.465,39600.0,2.1000001,2.1000001,0.0,4.0
2020-03-07,2.0,33.0325,25.9825,33.685543,43027.6,39600.0,0.0,0.0,0.0,0.0
2020-03-08,1.0,36.3825,24.5325,34.515713,43073.746,39600.0,0.0,0.0,0.0,0.0
2020-03-10,0.0,35.3825,25.0325,34.557423,43165.926,39600.0,0.0,0.0,0.0,0.0
2020-03-11,0.0,35.682503,25.682499,34.8549,43211.895,39600.0,0.0,0.0,0.0,0.0
2020-03-12,1.0,34.7825,27.3825,34.548992,43257.73,39600.0,0.0,0.0,0.0,0.0
2020-03-13,1.0,34.982502,27.682499,35.32858,43303.41,39600.0,0.0,0.0,0.0,0.0
2020-03-14,55.0,35.5825,27.3825,35.68327,43348.953,39600.0,1.5,1.5,0.0,4.0
2020-03-15,63.0,31.432499,24.682499,33.584457,43394.703,38245.348,6.6,6.6,0.0,8.0
2020-03-16,51.0,32.5325,25.332499,34.495647,43440.684,38513.68,0.3,0.3,0.0,1.0
2020-03-17,51.0,31.9825,27.1325,34.07163,43486.86,39600.0,0.8,0.8,0.0,4.0
2020-03-18,51.0,33.682503,27.682499,34.106537,43533.21,39600.0,0.1,0.1,0.0,1.0
2020-03-19,53.0,32.5825,27.432499,33.417824,43579.703,39600.0,1.1,1.1,0.0,4.0
2020-03-20,51.0,33.8325,27.332499,33.402233,43626.3,39600.0,0.4,0.4,0.0,3.0
2020-03-21,1.0,33.182503,27.082499,33.197712,43672.977,39600.0,0.0,0.0,0.0,0.0
2020-03-22,53.0,33.982502,27.332499,33.782726,43719.703,39600.0,1.3,1.3,0.0,3.0
2020-03-23,51.0,34.2825,27.0325,34.02927,43766.44,39616.844,0.2,0.2,0.0,2.0
2020-03-24,2.0,34.6325,26.8825,33.377342,43813.168,39696.688,0.0,0.0,0.0,0.0
2020-03-25,51.0,33.8825,26.082499,33.142178,43859.848,39600.0,0.2,0.2,0.0,2.0
2020-03-26,1.0,34.5825,27.0325,34.20129,43906.457,39866.684,0.0,0.0,0.0,0.0
2020-03-27,1.0,35.732502,27.4825,34.631153,43952.953,39771.234,0.0,0.0,0.0,0.0
2020-03-28,51.0,35.3325,27.4825,34.76974,43999.316,39860.77,0.2,0.2,0.0,2.0
2020-03-29,51.0,34.1325,26.8825,34.72924,44045.508,39857.26,0.4,0.4,0.0,3.0
2020-03-30,51.0,34.982502,27.6325,34.73293,44091.496,40048.977,0.1,0.1,0.0,1.0
2020-03-31,2.0,35.482502,27.2325,34.954388,44137.25,40048.04,0.0,0.0,0.0,0.0
2020-04-01,1.0,34.982502,28.1325,35.286236,44182.74,40248.555,0.0,0.0,0.0,0.0
2020-04-02,53.0,34.5325,27.6325,34.636395,44227.918,40045.11,0.8000001,0.8000001,0.0,3.0
2020-04-03,1.0,35.232502,27.432499,35.445103,44272.83,40147.01,0.0,0.0,0.0,0.0
2020-04-04,51.0,35.3825,28.082499,35.959255,44317.773,40251.457,0.1,0.1,0.0,1.0
2020-04-05,51.0,34.7825,28.2825,35.251205,44362.785,40358.33,0.1,0.1,0.0,1.0
2020-04-06,1.0,35.0325,28.0325,34.984272,44407.836,40251.625,0.0,0.0,0.0,0.0
2020-04-07,51.0,33.8825,28.432499,34.59949,44452.9,39923.297,0.6,0.6,0.0,3.0
2020-04-08,51.0,33.0825,27.9825,34.805843,44497.934,40250.547,0.7,0.7,0.0,3.0
2020-04-09,51.0,34.0825,27.832499,34.669907,44542.914,40473.363,0.1,0.1,0.0,1.0
2020-04-10,51.0,33.5325,27.7325,35.030643,44587.812,40474.656,0.2,0.2,0.0,2.0
2020-04-11,51.0,34.8825,28.082499,35.82162,44632.598,40018.035,0.3,0.3,0.0,1.0
2020-04-12,63.0,34.982502,25.7325,35.52625,44677.24,40823.14,6.2,6.2,0.0,4.0
2020-04-13,63.0,30.7325,25.2825,33.036144,44721.695,22387.914,10.700001,10.700001,0.0,8.0
2020-04-14,61.0,31.7325,25.332499,33.486202,44765.945,27903.824,2.3,2.3,0.0,4.0
2020-04-15,55.0,33.7825,26.1325,35.261265,44809.953,40357.836,2.8999999,2.8999999,0.0,4.0
2020-04-16,53.0,32.682503,27.7325,34.759396,44853.688,39939.164,1.0,1.0,0.0,5.0
2020-04-17,55.0,32.1325,26.682499,33.837437,44897.1,30266.303,2.6999998,2.6999998,0.0,10.0
2020-04-18,2.0,33.0825,27.682499,34.359108,44940.18,26989.41,0.0,0.0,0.0,0.0
2020-04-19,51.0,34.232502,26.932499,35.39108,44982.88,40598.125,0.3,0.3,0.0,3.0
2020-04-20,1.0,35.8325,27.1325,35.47893,45025.16,41825.426,0.0,0.0,0.0,0.0
2020-04-21,1.0,36.182503,28.582499,36.521515,45066.99,41857.02,0.0,0.0,0.0,0.0
2020-04-22,2.0,36.6325,28.332499,36.35568,45108.332,41606.13,0.0,0.0,0.0,0.0
2020-04-23,63.0,35.6325,26.2825,34.673775,45149.203,37807.723,5.2,5.2,0.0,4.0
2020-04-25,61.0,32.0825,26.0325,33.730625,45230.477,33692.863,3.1,3.1,0.0,5.0
2020-04-26,51.0,32.5825,25.932499,34.415035,45270.863,18951.408,0.2,0.2,0.0,2.0
2020-04-27,63.0,31.3825,25.4825,33.23862,45311.04,31037.062,9.900001,9.900001,0.0,10.0
2020-04-28,51.0,33.432503,25.582499,34.19474,45350.98,41904.625,0.1,0.1,0.0,1.0
2020-04-29,61.0,32.232502,26.182499,34.996223,45390.65,41385.105,4.8999996,4.8999996,0.0,6.0
2020-04-30,53.0,33.182503,26.932499,35.356472,45430.01,40594.938,0.90000004,0.90000004,0.0,3.0
2020-05-01,51.0,33.3325,27.082499,35.466076,45469.035,42134.57,0.3,0.3,0.0,3.0
2020-05-02,1.0,33.732502,27.332499,35.543148,45507.68,42064.844,0.0,0.0,0.0,0.0
2020-05-03,51.0,34.3825,28.182499,36.36884,45545.914,42182.797,0.2,0.2,0.0,1.0
2020-05-04,61.0,33.3325,27.832499,36.677914,45583.703,41360.504,3.1,3.1,0.0,7.0
2020-05-05,51.0,35.2825,28.7325,37.408634,45621.008,42228.12,0.3,0.3,0.0,3.0
2020-05-06,2.0,35.732502,29.082499,37.191742,45657.8,42249.62,0.0,0.0,0.0,0.0
2020-05-07,2.0,34.982502,29.5325,36.91907,45694.03,42270.305,0.0,0.0,0.0,0.0
2020-05-08,53.0,35.3825,29.432499,37.19572,45729.668,42290.15,1.7,1.7,0.0,4.0
2020-05-09,51.0,36.482502,29.2325,37.259876,45764.668,41970.285,0.2,0.2,0.0,2.0
2020-05-10,61.0,35.7825,27.9825,36.818195,45799.0,40451.984,2.5,2.5,0.0,7.0
2020-05-11,61.0,33.3325,25.582499,35.346085,45832.62,41563.047,1.9,1.9,0.0,4.0
2020-05-12,2.0,33.682503,25.9825,35.219715,45865.492,41364.668,0.0,0.0,0.0,0.0
2020-05-13,1.0,34.5825,27.932499,36.33018,45897.617,42375.582,0.0,0.0,0.0,0.0
2020-05-14,51.0,35.232502,28.182499,36.824398,45929.26,42389.75,0.70000005,0.70000005,0.0,4.0
2020-05-15,51.0,34.982502,28.8825,36.566784,45960.44,42402.98,0.2,0.2,0.0,2.0
2020-05-16,1.0,35.8325,28.932499,36.567944,45991.133,42142.434,0.0,0.0,0.0,0.0
2020-05-17,61.0,35.482502,28.082499,37.38,46021.305,39142.914,5.7000003,5.7000003,0.0,6.0
2020-05-18,63.0,36.482502,27.9825,37.13477,46050.926,40591.383,3.3000002,3.3000002,0.0,4.0
2020-05-19,53.0,34.5825,28.4825,35.845417,46079.965,39600.0,1.5000001,1.5000001,0.0,4.0
2020-05-20,51.0,34.8325,27.4825,35.664433,46108.39,42455.758,0.1,0.1,0.0,1.0
2020-05-21,53.0,34.732502,27.682499,36.665657,46136.18,41877.117,2.1,2.1,0.0,7.0
2020-05-22,1.0,36.682503,28.6325,37.4467,46163.29,42470.945,0.0,0.0,0.0,0.0
2020-05-23,55.0,36.5325,28.582499,37.556866,46189.7,39477.934,2.6000001,2.6000001,0.0,4.0
2020-05-24,61.0,33.182503,27.582499,36.08465,46215.37,26888.096,5.2,5.2,0.0,11.0
2020-05-26,51.0,32.932503,27.2825,35.60298,46264.39,20946.504,1.9000001,1.9000001,0.0,9.0
2020-05-27,55.0,34.732502,27.432499,36.25693,46287.66,31344.105,1.9,1.9,0.0,5.0
2020-05-28,51.0,34.232502,26.582499,35.915874,46310.066,39110.816,0.70000005,0.70000005,0.0,4.0
2020-05-30,51.0,32.0825,26.9825,34.204197,46352.16,23997.746,0.3,0.3,0.0,2.0
2020-05-31,61.0,33.182503,27.2825,35.655586,46371.78,35768.54,2.3,2.3,0.0,6.0
2020-06-01,55.0,32.2825,27.332499,35.44472,46390.402,39404.977,2.3000002,2.3000002,0.0,5.0
2020-06-03,61.0,32.982502,26.2325,34.553814,46424.805,38899.727,2.9999998,2.9999998,0.0,6.0
2020-06-04,53.0,32.932503,26.7825,34.938187,46440.754,40734.87,1.6999999,1.6999999,0.0,4.0
2020-06-05,61.0,32.5325,26.5325,34.319347,46455.855,25272.174,3.2,3.2,0.0,9.0
2020-06-06,53.0,32.8325,27.0325,34.0517,46470.11,38705.164,0.8,0.8,0.0,2.0
2020-06-07,51.0,31.832499,26.682499,33.306408,46483.484,30408.473,1.3000002,1.3000002,0.0,7.0
2020-06-08,63.0,31.3825,26.582499,33.34392,46495.98,31211.691,7.4,7.4,0.0,6.0
2020-06-09,61.0,32.6325,26.5325,33.650333,46507.582,40878.78,3.1000001,3.1000001,0.0,6.0
2020-06-10,53.0,32.8825,25.4825,34.214336,46518.277,41724.883,1.1,1.1,0.0,2.0
2020-06-11,53.0,33.5325,26.6325,34.8499,46528.055,42454.4,1.0,1.0,0.0,3.0
2020-06-12,63.0,35.7825,26.182499,34.545033,46536.902,37949.12,6.7000003,6.7000003,0.0,3.0
2020-06-13,63.0,34.8325,27.2825,35.55021,46544.812,42435.887,3.3999999,3.3999999,0.0,2.0
2020-06-17,55.0,30.7325,25.6325,33.200275,46566.8,16947.686,5.9999995,5.9999995,0.0,11.0
2020-06-18,51.0,31.7325,25.432499,34.179108,46569.836,28211.432,0.7,0.7,0.0,4.0
2020-06-19,63.0,31.6325,25.582499,34.47845,46571.87,36594.98,3.4999998,3.4999998,0.0,4.0
2020-06-20,51.0,33.482502,26.3825,35.240997,46572.89,42949.484,1.0,1.0,0.0,5.0
2020-06-21,55.0,33.3325,26.1325,35.645996,46572.89,40352.703,2.8000002,2.8000002,0.0,8.0
2020-06-22,53.0,33.5325,26.182499,35.610714,46571.85,32404.03,2.5,2.5,0.0,7.0
2020-06-23,53.0,31.6325,26.7325,35.232937,46569.766,39702.797,2.0,2.0,0.0,7.0
2020-06-24,61.0,32.5825,26.6325,35.69369,46566.633,42584.12,2.6,2.6,0.0,8.0
2020-06-25,63.0,32.3825,26.582499,34.796886,46562.47,38112.055,7.1,7.1,0.0,8.0
2020-06-26,53.0,31.7325,25.7325,33.295475,46557.293,23877.389,0.8000001,0.8000001,0.0,4.0
2020-06-27,61.0,32.0825,25.3825,33.73556,46551.113,39456.176,6.3999996,6.3999996,0.0,10.0
2020-06-28,55.0,32.182503,26.082499,33.785343,46543.953,32529.277,1.3000001,1.3000001,0.0,3.0
2020-06-29,55.0,32.432503,26.682499,33.758236,46535.82,32801.78,2.8,2.8,0.0,4.0
2020-06-30,61.0,31.932499,26.1325,33.19848,46526.734,35177.707,3.0,3.0,0.0,5.0
2020-07-01,51.0,31.3825,26.3825,33.14559,46516.71,14944.361,0.1,0.1,0.0,1.0
2020-07-02,63.0,32.7825,26.332499,33.57851,46505.76,30699.781,6.1999993,6.1999993,0.0,9.0
2020-07-03,61.0,30.582499,25.9825,32.586575,46493.906,28331.727,11.300001,11.300001,0.0,15.0
2020-07-05,51.0,32.7825,25.332499,33.195015,46467.547,36000.0,0.8,0.8,0.0,3.0
2020-07-06,55.0,33.732502,25.932499,34.168617,46453.074,38647.85,4.4,4.4,0.0,9.0
2020-07-07,61.0,32.2825,25.7325,33.87933,46437.758,33698.44,2.6999998,2.6999998,0.0,4.0
2020-07-08,51.0,32.0825,25.8825,34.208813,46421.62,42340.74,0.5,0.5,0.0,4.0
2020-07-09,61.0,33.482502,26.0325,35.017998,46404.676,41227.05,2.2999997,2.2999997,0.0,5.0
2020-07-10,63.0,33.982502,25.682499,34.715,46386.95,37222.082,3.0,3.0,0.0,2.0
2020-07-11,55.0,34.932503,26.4825,34.911804,46368.44,42040.58,1.7,1.7,0.0,3.0
2020-07-12,61.0,32.5825,26.082499,34.23618,46349.152,31304.627,3.9,3.9,0.0,9.0
2020-07-16,61.0,31.682499,25.6325,33.87927,46262.46,37980.87,6.5999994,6.5999994,0.0,11.0
2020-07-17,51.0,32.7825,25.832499,34.853027,46238.543,42424.977,0.70000005,0.70000005,0.0,4.0
2020-07-18,51.0,33.3325,27.182499,35.899292,46213.797,42625.027,0.1,0.1,0.0,1.0
2020-07-19,61.0,32.682503,26.682499,35.652637,46188.26,41920.367,1.9,1.9,0.0,6.0
2020-07-20,61.0,31.8825,27.432499,35.166065,46161.965,37134.297,2.6,2.6,0.0,3.0
2020-07-22,55.0,31.5325,25.7825,33.90565,46107.227,39822.773,2.5,2.5,0.0,8.0
2020-07-23,51.0,31.9825,26.182499,34.62495,46078.85,41861.57,0.5,0.5,0.0,4.0
2020-07-24,63.0,31.2325,26.5325,34.12376,46049.85,21297.336,7.7999997,7.7999997,0.0,6.0
2020-07-25,63.0,30.2325,25.7825,33.596584,46020.258,36448.918,10.900001,10.900001,0.0,11.0
2020-07-26,53.0,31.0325,25.5325,33.449017,45990.1,41174.836,4.3999996,4.3999996,0.0,12.0
2020-07-27,51.0,32.182503,26.332499,34.959843,45959.418,41967.266,0.4,0.4,0.0,2.0
2020-07-28,63.0,31.9825,26.082499,34.716263,45928.24,30610.947,5.5,5.5,0.0,7.0
2020-07-29,63.0,32.682503,25.6325,34.009098,45896.59,33644.51,6.999999,6.999999,0.0,10.0
2020-07-30,55.0,32.8825,25.2325,33.398506,45864.508,39600.0,3.7,3.7,0.0,6.0
2020-07-31,63.0,33.0325,26.2325,33.563297,45832.016,35699.45,3.6,3.6,0.0,3.0
2020-08-01,55.0,32.1325,26.7325,32.77335,45799.1,18174.523,2.2,2.2,0.0,5.0
2020-08-05,61.0,30.682499,25.7825,33.796585,45660.6,18135.418,3.9999998,3.9999998,0.0,9.0
2020-08-06,63.0,31.582499,25.3825,33.72115,45624.406,34657.707,4.5,4.5,0.0,4.0
2020-08-08,53.0,28.932499,26.2325,32.66109,45550.406,19217.28,3.6,3.6,0.0,14.0
2020-08-10,63.0,31.832499,25.182499,33.039936,45474.496,26025.889,7.2,7.2,0.0,9.0
2020-08-12,63.0,31.2325,26.6325,33.628075,45396.965,25735.902,11.299999,11.299999,0.0,10.0
2020-08-16,53.0,31.2325,25.432499,34.193718,45238.113,36440.984,2.6,2.6,0.0,4.0
2020-08-17,53.0,31.9825,25.2325,33.93738,45197.81,32854.37,1.4000001,1.4000001,0.0,5.0
2020-08-18,51.0,32.482502,24.9825,34.05081,45157.332,39195.227,0.70000005,0.70000005,0.0,7.0
2020-08-19,53.0,32.482502,25.8825,34.22243,45116.707,37308.03,4.1,4.1,0.0,8.0
2020-08-20,55.0,30.7825,26.6325,33.84652,45075.97,17319.25,1.3,1.3,0.0,2.0
2020-08-21,53.0,32.5825,26.082499,33.652622,45035.1,24072.107,2.9,2.9,0.0,9.0
2020-08-22,65.0,31.432499,25.332499,32.892216,44993.805,27000.24,10.700001,10.700001,0.0,7.0
2020-08-23,61.0,31.432499,24.6325,32.836987,44952.06,22186.148,3.1000001,3.1000001,0.0,7.0
2020-08-24,51.0,32.932503,25.182499,34.338337,44909.906,41417.945,0.5,0.5,0.0,4.0
2020-08-25,1.0,34.5325,25.5325,34.069553,44867.375,40365.223,0.0,0.0,0.0,0.0
2020-08-26,1.0,35.7825,24.832499,33.607716,44824.492,41582.883,0.0,0.0,0.0,0.0
2020-08-27,53.0,36.5325,26.332499,34.3099,44781.305,40082.6,2.6,2.6,0.0,4.0
2020-08-28,63.0,33.7825,25.5325,33.36568,44737.836,23537.508,6.3,6.3,0.0,4.0
2020-08-29,53.0,33.982502,26.182499,35.240017,44694.117,38385.99,1.1,1.1,0.0,3.0
2020-08-30,61.0,32.982502,25.832499,35.08907,44650.18,41406.688,2.1999998,2.1999998,0.0,5.0
2020-08-31,61.0,32.2825,25.182499,34.495422,44606.062,41056.625,6.2999997,6.2999997,0.0,12.0
2020-09-02,63.0,32.0825,25.832499,34.02015,44517.383,28234.914,9.2,9.2,0.0,10.0
2020-09-03,53.0,33.7825,26.1325,34.995953,44472.887,29557.754,2.1,2.1,0.0,10.0
2020-09-04,63.0,32.3825,25.1325,34.757748,44428.324,34394.473,8.2,8.2,0.0,12.0
2020-09-05,55.0,31.9825,26.3825,34.90887,44383.723,37520.293,3.2,3.2,0.0,11.0
2020-09-06,63.0,31.7325,25.2325,34.07194,44339.113,30667.123,6.1000004,6.1000004,0.0,8.0
2020-09-07,63.0,31.9825,26.4825,34.738384,44294.523,26399.902,3.3999999,3.3999999,0.0,4.0
2020-09-08,53.0,32.232502,25.4825,34.436275,44249.98,37930.203,2.8,2.8,0.0,9.0
2020-09-09,51.0,32.2825,25.682499,34.774765,44205.51,40355.188,0.70000005,0.70000005,0.0,6.0
2020-09-10,61.0,32.682503,26.6325,35.19397,44161.094,33063.53,2.0,2.0,0.0,2.0
2020-09-11,53.0,31.932499,26.332499,34.334625,44116.43,39016.96,1.2,1.2,0.0,5.0
2020-09-12,61.0,31.432499,25.332499,34.212234,44071.49,40930.92,6.4,6.4,0.0,13.0
2020-09-13,63.0,30.2825,25.932499,33.3579,44026.305,23563.385,5.2,5.2,0.0,6.0
2020-09-14,61.0,30.8825,25.2325,33.778545,43980.91,32254.287,6.7999997,6.7999997,0.0,11.0
2020-09-15,55.0,31.182499,25.582499,33.738995,43935.34,36869.137,3.2,3.2,0.0,7.0
2020-09-21,51.0,31.582499,25.8825,34.276012,43659.742,36851.15,0.8000001,0.8000001,0.0,6.0
2020-09-24,51.0,30.7825,24.8825,32.754353,43521.883,39870.65,0.70000005,0.70000005,0.0,4.0
2020-09-25,51.0,31.3825,25.0325,33.384624,43476.117,37465.76,0.8,0.8,0.0,6.0
2020-09-26,61.0,32.3825,25.7825,33.891693,43430.484,37444.22,2.5,2.5,0.0,3.0
2020-09-29,55.0,30.2325,25.2325,32.405052,43294.727,32524.072,2.2,2.2,0.0,6.0
2020-09-30,63.0,30.7825,24.6325,32.239452,43249.89,32604.697,4.8,4.8,0.0,4.0
2020-10-01,63.0,31.932499,25.5325,33.89082,43204.934,35679.75,5.7,5.7,0.0,6.0
2020-10-04,61.0,30.6325,25.2825,33.692757,43069.324,24865.004,7.4,7.4,0.0,14.0
2020-10-06,63.0,30.582499,24.9825,32.83827,42978.617,30458.707,10.700001,10.700001,0.0,10.0
2020-10-12,53.0,28.9825,23.9825,31.2109,42707.91,26371.39,2.3,2.3,0.0,9.0
2020-10-14,61.0,31.332499,23.6325,32.076183,42619.02,28700.781,2.8999999,2.8999999,0.0,4.0
2020-10-20,51.0,28.182499,22.4825,28.308752,42360.14,17839.047,0.4,0.4,0.0,3.0
2020-10-21,53.0,28.682499,23.2825,29.619047,42318.01,24070.182,1.5000001,1.5000001,0.0,6.0
2020-10-22,3.0,29.332499,23.832499,30.214691,42275.902,33541.83,0.0,0.0,0.0,0.0
2020-10-23,3.0,30.4825,23.2325,31.230001,42233.848,37367.4,0.0,0.0,0.0,0.0
2020-10-24,1.0,30.2325,21.332499,29.30172,42191.89,38512.375,0.0,0.0,0.0,0.0
2020-10-25,1.0,30.682499,22.2825,29.855795,42150.062,37427.55,0.0,0.0,0.0,0.0
2020-10-26,51.0,31.3825,23.682499,31.20903,42108.41,37129.63,0.1,0.1,0.0,1.0
2020-10-27,51.0,27.832499,23.682499,29.870733,42066.96,29635.66,0.6,0.6,0.0,2.0
2020-10-28,53.0,30.332499,24.2825,31.598585,42025.758,26769.559,0.9,0.9,0.0,2.0
2020-11-01,53.0,30.3825,24.1325,32.311604,41864.227,35987.062,1.3000001,1.3000001,0.0,7.0
2020-11-02,51.0,31.582499,23.7325,32.31776,41824.867,37781.5,0.3,0.3,0.0,2.0
2020-11-03,3.0,31.0325,23.932499,31.435305,41785.996,37526.152,0.0,0.0,0.0,0.0
2020-11-04,51.0,30.5325,22.932499,31.157816,41747.668,37675.62,0.2,0.2,0.0,2.0
2020-11-05,3.0,30.8825,23.082499,31.68231,41709.918,37370.99,0.0,0.0,0.0,0.0
2020-11-06,51.0,30.7325,23.8825,31.881805,41672.785,37556.906,0.4,0.4,0.0,2.0
2020-11-08,55.0,30.332499,22.7325,29.149874,41600.582,23494.281,1.6,1.6,0.0,3.0
2020-11-09,3.0,30.0325,21.682499,28.52385,41565.53,37151.54,0.0,0.0,0.0,0.0
2020-11-10,2.0,29.7825,22.7825,28.064482,41530.83,37468.168,0.0,0.0,0.0,0.0
2020-11-15,2.0,30.7325,21.182499,29.712164,41362.83,37160.38,0.0,0.0,0.0,0.0
2020-11-16,3.0,31.9825,23.5325,31.070742,41330.613,35718.145,0.0,0.0,0.0,0.0
2020-11-17,51.0,32.5325,24.1325,32.455677,41298.96,37086.582,0.1,0.1,0.0,1.0
2020-11-18,1.0,33.0325,24.7825,33.883293,41267.902,36966.793,0.0,0.0,0.0,0.0
2020-11-19,1.0,33.3825,25.3825,34.05076,41237.484,37191.88,0.0,0.0,0.0,0.0
2020-11-20,51.0,33.5325,26.082499,34.726524,41207.75,36820.094,0.4,0.4,0.0,3.0
2020-11-21,63.0,32.482502,25.7825,34.294735,41178.746,32862.777,7.5000005,7.5000005,0.0,8.0
2020-11-22,61.0,31.1325,24.8825,33.40399,41150.516,23527.197,3.4999998,3.4999998,0.0,6.0
2020-11-23,51.0,31.9825,24.082499,32.904705,41123.094,36177.145,1.0,1.0,0.0,8.0
2020-11-24,2.0,32.8825,24.1325,31.508667,41096.535,36418.664,0.0,0.0,0.0,0.0
2020-11-25,51.0,32.1325,24.3825,31.827446,41070.88,36592.977,0.6,0.6,0.0,4.0
2020-11-26,1.0,32.3825,23.582499,31.173727,41046.17,36765.99,0.0,0.0,0.0,0.0
2020-11-27,51.0,31.7825,23.3825,29.891562,41022.457,36490.96,0.70000005,0.70000005,0.0,4.0
2020-11-28,1.0,31.7325,23.0325,30.178774,40999.785,36705.332,0.0,0.0,0.0,0.0
2020-11-29,3.0,30.332499,23.182499,29.029669,40978.152,25208.957,0.0,0.0,0.0,0.0
2020-11-30,2.0,30.9825,23.182499,28.19449,40957.297,32254.93,0.0,0.0,0.0,0.0
2020-12-01,55.0,30.582499,22.7825,28.2687,40937.195,28911.88,1.0,1.0,0.0,1.0
2020-12-02,51.0,30.8825,23.432499,29.794058,40917.87,33143.223,0.2,0.2,0.0,2.0
2020-12-03,3.0,31.332499,22.2325,28.601593,40899.355,36279.707,0.0,0.0,0.0,0.0
2020-12-08,3.0,30.332499,21.5325,28.771994,40819.652,36000.0,0.0,0.0,0.0,0.0
2020-12-11,3.0,31.8825,22.2825,29.981646,40782.996,33232.223,0.0,0.0,0.0,0.0
2020-12-12,3.0,32.432503,24.0325,32.572216,40772.777,37175.953,0.0,0.0,0.0,0.0
2020-12-13,53.0,32.3325,25.2325,33.275352,40763.6,36376.477,1.7,1.7,0.0,6.0
2020-12-14,63.0,31.332499,25.182499,33.368137,40755.484,31947.518,3.9999998,3.9999998,0.0,8.0
2020-12-15,61.0,32.0825,25.1325,32.752758,40748.457,34478.35,2.6999998,2.6999998,0.0,9.0
2020-12-16,51.0,31.932499,23.5325,31.774633,40742.53,35830.375,0.90000004,0.90000004,0.0,5.0
2020-12-17,2.0,32.232502,23.6325,30.869474,40737.734,36604.21,0.0,0.0,0.0,0.0
2020-12-18,51.0,31.0325,22.332499,29.471571,40734.086,36961.426,0.90000004,0.90000004,0.0,3.0
2020-12-24,3.0,31.3825,21.8825,28.505781,40735.76,38029.97,0.0,0.0,0.0,0.0
2020-12-25,51.0,31.0325,23.082499,29.532654,40739.824,29525.838,0.3,0.3,0.0,3.0
2020-12-26,51.0,31.932499,23.1325,31.700766,40744.934,37761.61,0.70000005,0.70000005,0.0,5.0
2020-12-27,51.0,32.3325,23.7825,31.963936,40751.08,37997.957,1.1,1.1,0.0,5.0
2020-12-28,51.0,31.7325,23.832499,32.251305,40758.254,37980.03,0.8000001,0.8000001,0.0,5.0
2020-12-29,2.0,33.432503,24.582499,33.050053,40766.434,37050.188,0.0,0.0,0.0,0.0
2020-12-30,1.0,33.7825,21.8825,28.164873,40775.613,38074.496,0.0,0.0,0.0,0.0
2021-01-05,2.0,30.2325,22.0325,29.684923,40850.875,36208.16,0.0,0.0,0.0,0.0
2021-01-06,1.0,32.0825,22.6325,30.903625,40866.656,38176.527,0.0,0.0,0.0,0.0
2021-01-07,2.0,32.182503,22.432499,30.35904,40883.316,38195.164,0.0,0.0,0.0,0.0
2021-01-16,3.0,29.832499,20.932499,28.446917,41078.88,38416.465,0.0,0.0,0.0,0.0
2021-01-23,1.0,32.482502,20.1325,28.848577,41278.324,38640.887,0.0,0.0,0.0,0.0
2021-01-24,2.0,31.182499,23.182499,29.926956,41309.297,37580.535,0.0,0.0,0.0,0.0
2021-01-25,51.0,31.2825,23.582499,31.572805,41340.79,38710.758,0.3,0.3,0.0,2.0
2021-01-26,51.0,33.3325,23.2825,32.63272,41372.74,38746.42,0.2,0.2,0.0,2.0
2021-01-27,51.0,31.832499,24.8825,32.730488,41405.125,36249.742,1.1,1.1,0.0,5.0
2021-01-28,51.0,33.5825,24.3825,32.13665,41437.977,38587.453,0.5,0.5,0.0,3.0
2021-01-29,3.0,32.0325,23.6325,28.823236,41471.625,37567.414,0.0,0.0,0.0,0.0
2021-01-30,1.0,31.6325,22.1325,28.473257,41506.086,38894.605,0.0,0.0,0.0,0.0
2021-01-31,0.0,32.232502,21.5325,28.816275,41541.32,38933.637,0.0,0.0,0.0,0.0
2021-02-01,0.0,32.8325,21.682499,30.248056,41577.273,38973.43,0.0,0.0,0.0,0.0
2021-02-02,0.0,33.182503,22.1325,31.191202,41613.906,39013.93,0.0,0.0,0.0,0.0
2021-02-03,3.0,34.232502,22.932499,31.419518,41651.16,38832.25,0.0,0.0,0.0,0.0
2021-02-04,3.0,32.732502,20.7325,28.521643,41689.0,36202.26,0.0,0.0,0.0,0.0
2021-02-05,1.0,32.732502,21.182499,28.827562,41727.367,39139.062,0.0,0.0,0.0,0.0
2021-02-06,2.0,33.0825,21.1325,30.377989,41766.234,39181.816,0.0,0.0,0.0,0.0
2021-02-07,1.0,32.3325,22.832499,31.560114,41805.547,39224.996,0.0,0.0,0.0,0.0
2021-02-08,61.0,31.832499,23.5325,32.162395,41845.26,39268.55,3.8,3.8,0.0,6.0
2021-02-10,2.0,30.432499,20.832499,28.569792,41925.742,39322.33,0.0,0.0,0.0,0.0
2021-02-11,1.0,31.5325,20.8825,29.100975,41966.418,39365.164,0.0,0.0,0.0,0.0
2021-02-12,1.0,32.1325,21.4825,29.270632,42007.332,39387.605,0.0,0.0,0.0,0.0
2021-02-13,3.0,32.3325,22.7325,30.762398,42048.445,38400.324,0.0,0.0,0.0,0.0
2021-02-14,51.0,32.2825,24.082499,30.930464,42089.71,39434.617,0.1,0.1,0.0,1.0
2021-02-15,51.0,31.182499,24.6325,30.80529,42131.094,39459.13,0.6,0.6,0.0,5.0
2021-02-16,51.0,31.2825,25.582499,31.49935,42172.562,39484.266,0.4,0.4,0.0,4.0
2021-02-17,53.0,30.7825,23.5325,31.345947,42214.133,37921.1,2.9,2.9,0.0,7.0
2021-02-21,0.0,32.3825,19.932499,29.25746,42385.145,39600.0,0.0,0.0,0.0,0.0
2021-02-22,3.0,32.3325,22.682499,30.757456,42428.945,39600.0,0.0,0.0,0.0,0.0
2021-02-23,2.0,31.432499,23.7825,31.06417,42473.094,39600.0,0.0,0.0,0.0,0.0
2021-02-24,1.0,33.0325,24.082499,31.12129,42517.54,39600.0,0.0,0.0,0.0,0.0
2021-02-25,1.0,36.0825,22.932499,32.3802,42562.26,39600.0,0.0,0.0,0.0,0.0
2021-02-26,3.0,36.0325,22.682499,31.45091,42607.207,39600.0,0.0,0.0,0.0,0.0
2021-02-27,3.0,34.482502,23.1325,31.658356,42652.35,36335.73,0.0,0.0,0.0,0.0
2021-02-28,1.0,32.732502,24.5325,31.016573,42697.65,39600.0,0.0,0.0,0.0,0.0
2021-03-01,1.0,32.8325,25.2825,32.492916,42743.074,39600.0,0.0,0.0,0.0,0.0
2021-03-02,51.0,32.682503,26.3825,33.188816,42788.586,39280.613,0.8000001,0.8000001,0.0,6.0
2021-03-03,63.0,30.8825,24.832499,32.051983,42834.15,28379.832,5.6,5.6,0.0,12.0
2021-03-04,51.0,31.582499,25.332499,32.80395,42879.723,39600.0,0.5,0.5,0.0,5.0
2021-03-05,51.0,32.5325,24.8825,32.844803,42925.285,39600.0,0.70000005,0.70000005,0.0,7.0
2021-03-06,0.0,33.2825,24.7825,33.053577,42970.79,39600.0,0.0,0.0,0.0,0.0
2021-03-07,1.0,34.232502,25.9825,33.61178,43016.21,39600.0,0.0,0.0,0.0,0.0
2021-03-08,51.0,32.3325,25.7325,33.28005,43061.508,39600.0,0.6,0.6,0.0,2.0
2021-03-09,61.0,33.232502,25.9825,33.755787,43106.71,39600.0,2.4999998,2.4999998,0.0,5.0
2021-03-10,61.0,31.832499,25.832499,33.457844,43152.16,39600.0,2.1000001,2.1000001,0.0,4.0
2021-03-11,51.0,32.682503,25.5325,34.020115,43197.887,39600.0,0.7,0.7,0.0,4.0
2021-03-12,51.0,34.232502,25.9825,34.538216,43243.863,39600.0,0.5,0.5,0.0,3.0
2021-03-13,55.0,31.8825,25.7825,33.33226,43290.047,39600.0,1.3000001,1.3000001,0.0,2.0
2021-03-14,53.0,32.432503,26.6325,33.45303,43336.414,39600.0,1.1,1.1,0.0,3.0
2021-03-15,51.0,32.6325,25.682499,33.12095,43382.934,39600.0,0.2,0.2,0.0,2.0
2021-03-16,51.0,32.482502,26.582499,33.212677,43429.57,39600.0,0.1,0.1,0.0,1.0
2021-03-17,51.0,32.6325,26.4825,33.541958,43476.293,39600.0,0.5,0.5,0.0,5.0
2021-03-18,51.0,34.232502,26.7825,34.42712,43523.074,39600.0,0.2,0.2,0.0,2.0
2021-03-19,51.0,34.232502,26.5325,34.023808,43569.88,39600.0,0.2,0.2,0.0,2.0
2021-03-20,51.0,33.7825,26.682499,33.98122,43616.676,39600.0,0.2,0.2,0.0,2.0
2021-03-21,53.0,34.5325,26.182499,35.06297,43663.438,39600.0,0.7,0.7,0.0,2.0
2021-03-23,3.0,33.432503,24.332499,32.316467,43756.727,39617.75,0.0,0.0,0.0,0.0
2021-03-24,51.0,34.2825,25.082499,33.86928,43803.184,39784.31,0.1,0.1,0.0,1.0
2021-03-25,51.0,34.182503,25.8825,34.143063,43849.484,39780.62,0.4,0.4,0.0,3.0
2021-03-26,51.0,33.5825,26.832499,34.152637,43895.582,39600.0,0.3,0.3,0.0,3.0
2021-03-27,1.0,34.182503,27.1325,34.427837,43941.453,39600.0,0.0,0.0,0.0,0.0
2021-03-28,2.0,33.982502,27.182499,34.590714,43987.062,39861.582,0.0,0.0,0.0,0.0
2021-03-29,1.0,34.732502,27.6325,34.857456,44032.438,39858.316,0.0,0.0,0.0,0.0
2021-03-30,51.0,34.7825,27.5325,35.742687,44077.895,37608.906,0.1,0.1,0.0,1.0
2021-03-31,51.0,34.8825,27.7825,35.766106,44123.46,39600.0,0.1,0.1,0.0,1.0
2021-04-01,3.0,34.232502,27.3825,34.995457,44169.113,26789.34,0.0,0.0,0.0,0.0
2021-04-02,1.0,34.5325,26.8825,34.85242,44214.82,40045.734,0.0,0.0,0.0,0.0
2021-04-03,51.0,34.732502,27.0325,35.626934,44260.547,40250.61,1.0,1.0,0.0,4.0
2021-04-04,61.0,30.8825,24.582499,33.225876,44306.266,35938.56,4.3999996,4.3999996,0.0,10.0
2021-04-05,63.0,30.2325,24.682499,32.35575,44351.95,33446.14,10.200001,10.200001,0.0,10.0
2021-04-06,63.0,29.332499,25.082499,32.429478,44397.566,26630.197,8.6,8.6,0.0,12.0
2021-04-07,63.0,30.6325,24.7825,32.569176,44443.086,34113.855,5.1,5.1,0.0,8.0
2021-04-08,63.0,31.332499,25.332499,34.182796,44488.473,39581.453,6.0,6.0,0.0,10.0
2021-04-09,51.0,31.8825,26.082499,35.01864,44533.695,40473.125,1.0,1.0,0.0,5.0
2021-04-11,63.0,30.7825,24.932499,33.218895,44623.53,29776.229,4.8,4.8,0.0,9.0
2021-04-12,63.0,31.2825,25.7325,34.51054,44668.074,38376.11,5.2999997,5.2999997,0.0,7.0
2021-04-13,53.0,30.432499,26.432499,33.91451,44712.33,35980.47,2.9,2.9,0.0,8.0
2021-04-14,55.0,30.7325,24.932499,33.61912,44756.258,36864.473,4.9,4.9,0.0,11.0
2021-04-15,61.0,32.1325,25.6325,34.799786,44799.82,40239.137,1.7,1.7,0.0,2.0
2021-04-16,55.0,31.8825,25.2325,34.55869,44842.992,40836.43,3.8,3.8,0.0,8.0
2021-04-17,51.0,32.232502,25.4825,34.444336,44885.727,40355.36,0.5,0.5,0.0,2.0
2021-04-19,55.0,31.932499,25.332499,33.874714,44970.277,39100.477,2.4999995,2.4999995,0.0,9.0
2021-04-20,61.0,31.182499,26.4825,34.556946,45012.418,39607.5,5.1999993,5.1999993,0.0,11.0
2021-04-21,61.0,31.8825,26.082499,35.00621,45054.45,40099.24,4.1,4.1,0.0,8.0
2021-04-22,61.0,33.3325,26.2825,35.460445,45096.336,37697.76,2.3,2.3,0.0,2.0
2021-04-23,63.0,34.1325,25.932499,35.159412,45138.05,31778.04,5.6000004,5.6000004,0.0,6.0
2021-04-24,53.0,33.982502,27.0325,35.534924,45179.555,36516.12,0.6,0.6,0.0,1.0
2021-04-25,53.0,33.3325,25.932499,35.542294,45220.82,33496.258,1.6999999,1.6999999,0.0,6.0
2021-04-30,51.0,29.7325,25.2825,33.150986,45422.37,29077.293,1.9000001,1.9000001,0.0,8.0
2021-05-01,61.0,30.432499,25.082499,33.696697,45461.477,28076.22,2.3,2.3,0.0,7.0
2021-05-02,53.0,31.7825,25.5325,34.784496,45500.1,38061.15,1.9,1.9,0.0,6.0
2021-05-03,55.0,31.932499,26.6325,36.022,45538.203,40996.14,1.6,1.6,0.0,6.0
2021-05-05,63.0,33.982502,26.182499,36.934406,45612.688,39132.332,5.7,5.7,0.0,2.0
2021-05-07,55.0,30.2825,24.582499,32.941082,45684.617,31437.78,2.8000002,2.8000002,0.0,4.0
2021-05-08,51.0,31.8825,25.4825,34.83408,45719.58,33327.43,0.8,0.8,0.0,4.0
2021-05-09,53.0,32.232502,26.082499,35.304363,45754.15,42305.113,1.2,1.2,0.0,4.0
2021-05-10,51.0,33.232502,27.182499,35.572468,45788.35,41005.438,0.2,0.2,0.0,2.0
2021-05-11,51.0,33.5325,27.082499,35.937866,45822.156,42339.375,1.5,1.5,0.0,6.0
2021-05-12,53.0,32.932503,27.2825,36.206112,45855.53,42355.28,1.9000001,1.9000001,0.0,6.0
2021-05-13,51.0,33.7825,27.682499,35.951096,45888.44,42370.367,0.2,0.2,0.0,2.0
2021-05-14,2.0,34.3325,28.2825,36.332134,45920.86,42384.645,0.0,0.0,0.0,0.0
2021-05-15,55.0,33.682503,28.1325,36.34795,45952.75,42398.113,2.1000001,2.1000001,0.0,5.0
2021-05-16,51.0,32.7825,27.7825,36.04184,45984.082,25790.03,0.6,0.6,0.0,5.0
2021-05-17,51.0,34.232502,27.8825,36.599915,46014.82,42422.633,0.6,0.6,0.0,5.0
2021-05-18,61.0,33.682503,26.8825,35.494938,46044.934,39730.152,3.9,3.9,0.0,8.0
2021-05-19,63.0,36.182503,27.2325,36.44094,46074.39,36706.086,10.200001,10.200001,0.0,9.0
2021-05-20,63.0,33.5325,26.332499,35.38797,46103.15,28839.568,4.5,4.5,0.0,9.0
2021-05-21,53.0,34.2825,26.2825,35.46712,46131.176,42462.168,1.7,1.7,0.0,4.0
2021-05-22,63.0,34.432503,26.5325,34.498325,46158.44,38870.086,3.6000001,3.6000001,0.0,4.0
2021-05-23,55.0,36.0325,26.4825,35.334324,46184.902,42477.23,1.3000001,1.3000001,0.0,2.0
2021-05-24,51.0,35.7825,26.9825,35.375683,46210.527,38794.363,0.2,0.2,0.0,1.0
2021-05-25,61.0,34.2825,26.7325,34.114758,46235.29,32913.43,2.3999999,2.3999999,0.0,4.0
2021-05-29,61.0,32.3825,26.6325,34.052532,46325.207,40386.242,6.1,6.1,0.0,8.0
2021-05-30,51.0,32.482502,26.0325,34.395702,46345.67,42622.207,0.8000001,0.8000001,0.0,5.0
2021-05-31,51.0,33.182503,26.582499,35.10457,46365.38,42505.22,0.2,0.2,0.0,2.0
2021-06-01,51.0,34.5325,27.432499,36.04695,46384.312,42797.87,0.2,0.2,0.0,1.0
2021-06-02,1.0,36.682503,27.932499,36.911823,46402.45,42705.48,0.0,0.0,0.0,0.0
2021-06-03,55.0,36.1325,28.332499,37.151722,46419.77,42701.895,1.2,1.2,0.0,1.0
2021-06-05,63.0,36.0825,27.3825,35.172363,46451.902,37299.586,6.6000004,6.6000004,0.0,5.0
2021-06-06,63.0,35.182503,27.182499,34.008987,46466.67,21862.713,4.6,4.6,0.0,4.0
2021-06-07,51.0,33.3325,27.432499,33.532375,46480.55,15220.066,0.3,0.3,0.0,3.0
2021-06-08,53.0,34.682503,26.8825,33.941837,46493.527,34453.883,1.4000001,1.4000001,0.0,6.0
2021-06-14,53.0,32.432503,26.682499,33.279816,46551.34,23189.996,0.8,0.8,0.0,4.0
2021-06-16,53.0,32.232502,26.682499,33.584385,46562.562,35154.34,2.0,2.0,0.0,6.0
2021-06-17,51.0,31.932499,26.0325,33.9031,46566.594,30452.564,0.4,0.4,0.0,3.0
2021-06-18,53.0,34.3825,25.6325,34.629055,46569.6,42979.336,2.9,2.9,0.0,4.0
2021-06-21,63.0,36.482502,26.0325,33.849586,46572.562,39541.273,7.6,7.6,0.0,5.0
2021-06-22,61.0,34.182503,26.332499,33.644543,46571.555,38741.11,4.1,4.1,0.0,6.0
2021-06-23,63.0,34.7825,26.082499,33.268528,46569.56,33579.258,7.1,7.1,0.0,5.0
2021-06-24,51.0,34.7825,25.3825,33.22645,46566.59,42313.055,0.5,0.5,0.0,4.0
2021-06-25,61.0,34.232502,25.832499,34.12837,46562.65,40061.67,5.6,5.6,0.0,7.0
2021-06-26,51.0,32.482502,26.332499,34.425793,46557.746,41368.117,1.1,1.1,0.0,6.0
2021-06-27,63.0,33.3325,26.0325,34.621983,46551.895,43073.293,4.7000003,4.7000003,0.0,3.0
2021-06-28,61.0,33.682503,26.932499,34.321136,46545.1,31035.547,3.6000001,3.6000001,0.0,8.0
2021-06-29,63.0,33.932503,25.6325,34.263958,46537.38,32009.814,9.099999,9.099999,0.0,15.0
2021-06-30,63.0,32.432503,25.332499,33.694927,46528.73,37141.984,7.2999997,7.2999997,0.0,9.0
2021-07-01,53.0,33.3325,26.182499,34.681145,46519.17,43011.414,1.3,1.3,0.0,3.0
2021-07-02,53.0,34.182503,25.7825,34.968765,46508.71,42778.594,1.9,1.9,0.0,4.0
2021-07-12,63.0,31.082499,25.7825,34.03268,46354.21,41306.344,4.0,4.0,0.0,6.0
2021-07-13,63.0,31.182499,26.432499,34.839878,46333.61,31246.988,7.7,7.7,0.0,9.0
2021-07-16,61.0,30.5325,24.8825,32.832485,46266.797,19598.23,4.7999997,4.7999997,0.0,9.0
2021-07-17,63.0,31.7825,25.332499,32.751286,46242.953,39078.02,9.1,9.1,0.0,11.0
2021-07-18,61.0,30.7825,25.582499,32.64391,46218.375,22998.46,3.6,3.6,0.0,11.0
2021-07-20,61.0,30.432499,25.7325,31.984629,46167.133,28800.0,5.6999993,5.6999993,0.0,12.0
2021-07-21,51.0,30.182499,26.3825,32.500134,46140.527,26780.596,0.2,0.2,0.0,1.0
2021-07-22,61.0,30.2825,26.432499,32.930233,46113.31,32867.746,3.0,3.0,0.0,6.0
2021-07-23,53.0,31.432499,26.4825,33.42746,46085.504,16444.422,2.0000002,2.0000002,0.0,10.0
2021-07-26,53.0,31.2325,25.9825,32.651913,45998.85,28206.098,0.8,0.8,0.0,3.0
2021-07-27,63.0,30.832499,25.9825,32.85612,45968.94,32964.42,8.2,8.2,0.0,10.0
2021-07-28,65.0,31.7325,25.332499,33.15713,45938.26,27765.973,10.8,10.8,0.0,8.0
2021-07-29,55.0,31.182499,25.6325,33.54381,45906.793,39994.15,3.9,3.9,0.0,8.0
2021-07-30,63.0,32.3325,25.832499,33.59644,45874.59,38983.305,8.200001,8.200001,0.0,4.0
2021-07-31,63.0,31.4825,25.4825,33.170467,45841.688,35416.69,6.4,6.4,0.0,10.0
2021-08-01,63.0,31.932499,25.6325,33.115517,45808.117,39563.234,3.2,3.2,0.0,6.0
2021-08-02,51.0,31.5325,26.082499,33.03661,45773.926,34136.13,1.1,1.1,0.0,6.0
2021-08-03,63.0,31.3825,25.2825,32.66452,45739.145,24400.484,5.9,5.9,0.0,4.0
2021-08-04,61.0,30.7325,26.0325,33.013893,45703.812,25698.162,2.9,2.9,0.0,7.0
2021-08-05,61.0,30.8825,26.1325,33.086517,45667.973,26755.012,4.8999996,4.8999996,0.0,8.0
2021-08-06,61.0,30.6325,26.082499,32.972958,45631.65,28616.28,4.4,4.4,0.0,8.0
2021-08-07,61.0,32.3325,25.1325,33.494762,45594.883,35497.14,3.6999998,3.6999998,0.0,7.0
2021-08-08,53.0,33.232502,25.2825,33.82767,45557.715,41225.664,1.4000001,1.4000001,0.0,6.0
2021-08-09,55.0,33.5325,25.932499,34.460247,45520.17,41343.39,1.7,1.7,0.0,4.0
2021-08-10,55.0,34.232502,26.3825,34.93084,45482.29,40616.72,3.9999998,3.9999998,0.0,10.0
2021-08-11,63.0,31.682499,26.432499,33.485687,45444.1,31421.22,10.8,10.8,0.0,12.0
2021-08-12,63.0,30.682499,26.332499,33.217014,45405.645,24468.895,5.3,5.3,0.0,9.0
2021-08-13,63.0,30.832499,25.932499,32.929043,45366.945,25793.002,8.7,8.7,0.0,10.0
2021-08-16,55.0,29.8825,24.182499,31.839369,45249.67,14638.604,5.1,5.1,0.0,9.0
2021-08-17,51.0,32.5825,25.2325,34.757107,45209.902,41555.4,0.2,0.2,0.0,1.0
2021-08-18,2.0,33.8325,25.5325,34.5984,45169.625,41609.836,0.0,0.0,0.0,0.0
2021-08-19,61.0,32.0325,26.182499,34.582462,45128.875,37046.1,2.3999999,2.3999999,0.0,5.0
2021-08-20,61.0,32.182503,25.9825,35.405857,45087.69,38746.754,6.5,6.5,0.0,9.0
2021-08-21,55.0,31.332499,25.2825,33.91776,45046.113,28328.701,2.0,2.0,0.0,3.0
2021-08-23,63.0,33.3825,24.9825,33.38979,44961.88,36430.51,5.3999996,5.3999996,0.0,3.0
2021-08-29,61.0,29.0325,24.6325,31.592558,44703.0,18572.295,4.7999997,4.7999997,0.0,12.0
2021-08-30,63.0,30.2325,24.9825,33.717377,44659.285,35915.42,8.5,8.5,0.0,10.0
2021-09-01,63.0,29.432499,24.7325,32.452255,44571.64,19261.812,8.9,8.9,0.0,12.0
2021-09-03,61.0,29.682499,24.9825,31.25924,44483.9,14679.9795,3.6000001,3.6000001,0.0,7.0
2021-09-04,53.0,30.3825,24.932499,32.39503,44440.066,29600.246,6.7000003,6.7000003,0.0,15.0
2021-09-06,61.0,31.182499,25.182499,33.07251,44352.125,38284.844,5.3999996,5.3999996,0.0,8.0
2021-09-12,51.0,30.6325,25.2325,31.49711,44082.008,26466.691,0.1,0.1,0.0,1.0
2021-09-13,51.0,32.182503,25.832499,32.737232,44036.367,39089.367,0.70000005,0.70000005,0.0,4.0
2021-09-14,63.0,31.1325,25.182499,33.002453,43990.63,21160.271,11.4000025,11.4000025,0.0,14.0
2021-09-16,63.0,28.7825,25.1325,31.92943,43898.965,23346.646,6.8999996,6.8999996,0.0,12.0
2021-09-17,51.0,30.9825,24.432499,33.065926,43853.098,32408.209,0.2,0.2,0.0,2.0
2021-09-18,53.0,31.432499,24.932499,33.96956,43807.25,40720.305,1.5,1.5,0.0,4.0
2021-09-19,51.0,30.7325,25.4825,33.345867,43761.445,22894.25,2.2000003,2.2000003,0.0,13.0
2021-09-27,61.0,30.332499,23.8825,32.00286,43398.586,29652.033,4.1999993,4.1999993,0.0,11.0
2021-09-28,63.0,31.332499,24.832499,33.59891,43353.105,33660.527,8.7,8.7,0.0,5.0
2021-09-29,61.0,32.6325,25.6325,35.532555,43307.508,40015.82,3.7,3.7,0.0,7.0
2021-09-30,55.0,31.2825,26.3825,34.848335,43261.82,34946.56,2.3,2.3,0.0,8.0
2021-10-01,53.0,31.332499,26.432499,34.584812,43216.082,40501.953,1.2,1.2,0.0,5.0
2021-10-02,53.0,30.8825,24.4825,33.374516,43170.32,37183.117,1.5,1.5,0.0,5.0
2021-10-04,53.0,32.2825,24.082499,33.905647,43078.848,39232.727,2.2,2.2,0.0,8.0
2021-10-05,63.0,32.1325,24.3825,33.585777,43033.203,38936.348,11.4,11.4,0.0,7.0
2021-10-07,51.0,30.2825,24.9825,32.895847,42942.254,20219.75,1.0,1.0,0.0,6.0
2021-10-08,3.0,29.6325,25.682499,33.151123,42897.01,16817.479,0.0,0.0,0.0,0.0
2021-10-09,51.0,30.7825,25.4825,33.08862,42851.965,28347.115,1.0,1.0,0.0,3.0
2021-10-10,51.0,31.2325,26.2825,33.545326,42807.15,39558.707,0.9,0.9,0.0,5.0
2021-10-11,63.0,30.8825,25.8825,33.97298,42762.598,30264.996,4.2,4.2,0.0,8.0
2021-10-13,61.0,30.7825,24.7825,33.22613,42674.41,29455.367,3.0999997,3.0999997,0.0,11.0
2021-10-19,53.0,30.432499,22.9825,32.402485,42414.625,34912.93,1.1,1.1,0.0,4.0
2021-10-20,63.0,31.182499,24.7825,33.963108,42371.473,32400.0,5.7,5.7,0.0,8.0
2021-10-21,61.0,31.682499,24.182499,32.785385,42328.438,25200.0,5.2,5.2,0.0,7.0
2021-10-24,63.0,30.4825,22.7325,30.766144,42200.36,35232.73,9.7,9.7,0.0,2.0
2021-10-25,53.0,30.582499,23.4825,31.727728,42158.137,38000.324,1.3,1.3,0.0,3.0
2021-10-26,51.0,30.9825,23.082499,31.807611,42116.22,38471.277,0.3,0.3,0.0,3.0
2021-10-27,3.0,31.432499,23.9825,31.01438,42074.633,39018.93,0.0,0.0,0.0,0.0
2021-10-29,51.0,31.0325,24.2325,32.10782,41992.645,37466.203,0.2,0.2,0.0,2.0
2021-10-30,55.0,31.7825,24.432499,32.890694,41952.32,33028.46,1.3000001,1.3000001,0.0,2.0
2021-10-31,51.0,29.5325,24.1325,32.074642,41912.492,15632.269,1.4000001,1.4000001,0.0,8.0
2021-11-01,63.0,30.832499,24.182499,31.767433,41873.207,25200.0,7.3999996,7.3999996,0.0,8.0
2021-11-02,63.0,30.6325,23.182499,31.579544,41834.51,20141.143,5.9,5.9,0.0,7.0
2021-11-03,51.0,31.432499,24.182499,32.745537,41796.445,37889.812,0.5,0.5,0.0,4.0
2021-11-04,51.0,31.582499,24.6325,33.448406,41758.98,36845.992,0.2,0.2,0.0,2.0
2021-11-05,51.0,31.9825,25.2825,34.226982,41721.766,36471.695,0.6,0.6,0.0,4.0
2021-11-06,63.0,31.2325,24.832499,33.112137,41684.777,27415.742,11.400002,11.400002,0.0,6.0
2021-11-07,63.0,31.682499,24.932499,33.390636,41648.047,32400.0,6.2000003,6.2000003,0.0,7.0
2021-11-08,63.0,30.5325,24.082499,31.85248,41611.617,31846.9,10.3,10.3,0.0,9.0
2021-11-09,51.0,30.432499,23.2825,30.338999,41575.535,36557.836,0.1,0.1,0.0,1.0
2021-11-10,3.0,30.1325,22.7825,30.723343,41539.832,36685.734,0.0,0.0,0.0,0.0
2021-11-11,51.0,30.1325,23.4825,30.71273,41504.56,37171.332,0.2,0.2,0.0,1.0
2021-11-12,61.0,29.7825,23.432499,30.354128,41469.75,21600.0,6.2000003,6.2000003,0.0,4.0
2021-11-13,63.0,27.7825,23.1325,29.831375,41435.445,19008.23,8.0,8.0,0.0,5.0
2021-11-14,51.0,29.1325,23.082499,29.865744,41401.695,25096.455,0.2,0.2,0.0,2.0
2021-11-15,51.0,31.1325,23.8825,31.341133,41368.543,36272.47,0.3,0.3,0.0,2.0
2021-11-16,63.0,30.832499,24.332499,31.715712,41336.03,29542.1,9.4,9.4,0.0,6.0
2021-11-17,63.0,31.6325,24.3825,32.43564,41304.203,32573.219,5.7000003,5.7000003,0.0,2.0
2021-11-18,63.0,30.2325,24.2325,31.85612,41273.1,30158.74,8.299999,8.299999,0.0,6.0
2021-11-19,51.0,31.582499,24.4825,33.42001,41242.773,36277.664,0.70000005,0.70000005,0.0,4.0
2021-11-20,51.0,31.932499,25.2325,34.563236,41213.273,36485.043,0.5,0.5,0.0,2.0
2021-11-21,63.0,32.232502,24.832499,33.729008,41184.637,36048.535,8.6,8.6,0.0,5.0
2021-11-24,3.0,29.6325,22.432499,28.684013,41104.355,36488.195,0.0,0.0,0.0,0.0
2021-11-25,3.0,30.682499,22.4825,29.769434,41079.215,36385.312,0.0,0.0,0.0,0.0
2021-11-26,1.0,30.7325,21.182499,29.25038,41054.7,36140.88,0.0,0.0,0.0,0.0
2021-11-29,53.0,31.082499,23.332499,28.474297,40985.285,32195.518,1.1,1.1,0.0,2.0
2021-12-09,3.0,30.832499,21.182499,28.413122,40807.754,36716.54,0.0,0.0,0.0,0.0
2021-12-10,3.0,31.1325,22.432499,29.672556,40795.355,36941.77,0.0,0.0,0.0,0.0
2021-12-11,2.0,32.0325,21.182499,28.60238,40784.047,37395.66,0.0,0.0,0.0,0.0
2021-12-14,3.0,30.2325,21.0325,28.26443,40757.0,36375.66,0.0,0.0,0.0,0.0
2021-12-15,1.0,31.432499,20.9825,28.158928,40750.21,37418.9,0.0,0.0,0.0,0.0
2021-12-16,2.0,32.432503,21.7825,29.682737,40744.46,37832.62,0.0,0.0,0.0,0.0
2021-12-17,3.0,34.0325,23.182499,31.304407,40739.75,32768.676,0.0,0.0,0.0,0.0
2021-12-18,3.0,31.832499,22.082499,28.819613,40736.082,34285.723,0.0,0.0,0.0,0.0
2021-12-22,1.0,31.2825,19.8825,27.864767,40731.773,38004.17,0.0,0.0,0.0,0.0
2021-12-23,2.0,31.5325,21.1325,29.68773,40733.273,38027.867,0.0,0.0,0.0,0.0
2021-12-24,53.0,31.8825,23.082499,30.520578,40735.805,38030.504,1.1,1.1,0.0,6.0
2021-12-25,61.0,30.432499,21.182499,28.78528,40739.36,35874.156,7.2999997,7.2999997,0.0,11.0
2021-12-26,53.0,30.6325,23.1325,30.03959,40743.93,37508.84,1.0,1.0,0.0,4.0
2021-12-27,1.0,31.332499,22.5325,30.007998,40749.52,38045.348,0.0,0.0,0.0,0.0
2021-12-28,3.0,31.7325,22.2825,28.566103,40756.117,38052.58,0.0,0.0,0.0,0.0
2021-12-29,2.0,32.3325,22.682499,28.975248,40763.723,37963.094,0.0,0.0,0.0,0.0
2021-12-30,2.0,31.7325,22.1325,28.722605,40772.33,37814.918,0.0,0.0,0.0,0.0
2021-12-31,3.0,31.682499,21.1325,27.79893,40781.93,38061.848,0.0,0.0,0.0,0.0
2022-01-03,3.0,31.3825,21.432499,28.208214,40816.688,36267.75,0.0,0.0,0.0,0.0
2022-01-04,3.0,31.332499,22.082499,29.016802,40830.418,38135.195,0.0,0.0,0.0,0.0
2022-01-05,1.0,32.3325,21.3825,29.492914,40845.285,38152.098,0.0,0.0,0.0,0.0
2022-01-06,1.0,32.3325,21.3825,29.761131,40861.27,38170.258,0.0,0.0,0.0,0.0
2022-01-07,1.0,32.932503,21.682499,30.071287,40878.316,38189.63,0.0,0.0,0.0,0.0
2022-01-08,1.0,32.932503,21.7825,30.058859,40896.402,38210.168,0.0,0.0,0.0,0.0
2022-01-09,0.0,33.0825,21.2325,29.435923,40915.484,38231.84,0.0,0.0,0.0,0.0
2022-01-10,0.0,32.932503,21.082499,29.591307,40935.535,38254.594,0.0,0.0,0.0,0.0
2022-01-11,1.0,33.8825,21.7325,30.847023,40956.51,38278.375,0.0,0.0,0.0,0.0
2022-01-12,51.0,33.2825,23.5325,31.765001,40978.387,38303.164,0.1,0.1,0.0,1.0
2022-01-13,1.0,33.0825,22.7825,31.260317,41001.113,38328.887,0.0,0.0,0.0,0.0
2022-01-14,3.0,32.8325,22.2325,30.582754,41024.668,38328.89,0.0,0.0,0.0,0.0
2022-01-15,1.0,32.8325,21.9825,30.254118,41049.01,38383.027,0.0,0.0,0.0,0.0
2022-01-16,3.0,32.7825,22.2825,30.46959,41074.11,38411.344,0.0,0.0,0.0,0.0
2022-01-17,51.0,32.8325,21.9825,30.151217,41099.92,38440.445,0.1,0.1,0.0,1.0
2022-01-18,1.0,32.982502,22.432499,29.11196,41126.42,38470.273,0.0,0.0,0.0,0.0
2022-01-19,2.0,32.3325,22.2825,28.55459,41153.574,38500.8,0.0,0.0,0.0,0.0
2022-01-20,61.0,32.5825,22.2825,29.590973,41181.34,38531.977,3.5,3.5,0.0,4.0
2022-01-22,51.0,28.3825,22.182499,28.94754,41238.6,38596.13,1.4000001,1.4000001,0.0,7.0
2022-01-23,1.0,31.2325,22.1325,29.9788,41268.086,38629.09,0.0,0.0,0.0,0.0
2022-01-24,51.0,31.5325,21.1325,29.685568,41298.46,38663.047,0.1,0.1,0.0,1.0
2022-01-25,1.0,32.182503,21.7825,30.63452,41329.746,38698.0,0.0,0.0,0.0,0.0
2022-01-26,51.0,31.7825,22.7825,32.020737,41361.887,38733.883,0.1,0.1,0.0,1.0
2022-01-27,55.0,32.732502,23.9825,33.2021,41394.836,38770.633,1.1,1.1,0.0,2.0
2022-01-28,51.0,32.3825,24.2325,32.752422,41428.543,38726.523,0.3,0.3,0.0,3.0
2022-01-29,2.0,34.5825,23.6325,32.730354,41462.965,38846.527,0.0,0.0,0.0,0.0
2022-01-30,1.0,34.5325,23.7825,31.882523,41498.055,38885.555,0.0,0.0,0.0,0.0
2022-01-31,51.0,32.6325,24.1325,31.68892,41533.766,38925.22,0.2,0.2,0.0,2.0
2022-02-01,51.0,31.932499,25.0325,31.690063,41570.05,38965.473,0.3,0.3,0.0,2.0
2022-02-02,55.0,30.8825,23.932499,31.543617,41606.867,37746.508,2.7,2.7,0.0,6.0
2022-02-03,51.0,31.8825,23.0325,31.805801,41644.17,39047.535,0.4,0.4,0.0,4.0
2022-02-04,53.0,32.5325,23.4825,30.6987,41681.918,39089.24,2.1,2.1,0.0,7.0
2022-02-05,51.0,32.482502,24.0325,29.958117,41720.066,38321.305,0.1,0.1,0.0,1.0
2022-02-06,2.0,33.0325,22.932499,30.540571,41758.57,39173.723,0.0,0.0,0.0,0.0
2022-02-07,1.0,33.8825,23.4825,32.023277,41797.395,39216.406,0.0,0.0,0.0,0.0
2022-02-08,1.0,34.432503,24.5325,33.586754,41836.492,39259.324,0.0,0.0,0.0,0.0
2022-02-09,63.0,32.932503,23.5325,33.03925,41875.816,39302.43,7.8,7.8,0.0,9.0
2022-02-10,55.0,32.982502,25.3825,32.889896,41915.348,38182.188,1.9000001,1.9000001,0.0,5.0
2022-02-12,61.0,29.7825,24.2325,31.79004,41994.89,28219.69,3.7999997,3.7999997,0.0,9.0
2022-02-13,51.0,31.332499,23.2825,32.527016,42035.31,39401.75,1.6,1.6,0.0,9.0
2022-02-14,61.0,30.682499,24.082499,31.876059,42076.297,39425.367,3.4999995,3.4999995,0.0,9.0
2022-02-17,63.0,28.3825,23.4825,30.435799,42202.297,32188.19,8.400001,8.400001,0.0,14.0
2022-02-19,53.0,29.9825,24.8825,32.150333,42288.402,34301.203,1.2,1.2,0.0,7.0
2022-02-20,53.0,30.682499,24.182499,32.422047,42331.973,39375.133,2.0,2.0,0.0,5.0
2022-02-21,53.0,28.7325,21.332499,28.696764,42375.83,38643.156,2.0,2.0,0.0,6.0
2022-02-22,3.0,28.8825,20.9825,29.010767,42419.934,34603.71,0.0,0.0,0.0,0.0
2022-02-23,3.0,29.8825,20.3825,28.026186,42464.254,34967.88,0.0,0.0,0.0,0.0
2022-02-27,1.0,32.5325,20.582499,29.261932,42642.902,39600.0,0.0,0.0,0.0,0.0
2022-02-28,3.0,33.8325,22.332499,32.71021,42687.723,39600.0,0.0,0.0,0.0,0.0
2022-03-01,51.0,32.682503,25.2825,33.54382,42732.535,39600.0,0.7,0.7,0.0,4.0
2022-03-02,55.0,31.832499,25.3825,33.57793,42777.3,39600.0,1.9000001,1.9000001,0.0,5.0
2022-03-03,51.0,32.8325,24.8825,33.889935,42821.992,39600.0,0.4,0.4,0.0,3.0
2022-03-04,51.0,33.7825,25.1325,34.521442,42866.625,38530.098,0.1,0.1,0.0,1.0
2022-03-05,51.0,33.732502,26.6325,35.020466,42911.56,39600.0,0.1,0.1,0.0,1.0
2022-03-06,1.0,33.3325,26.7325,34.33506,42956.812,39600.0,0.0,0.0,0.0,0.0
2022-03-08,53.0,30.182499,23.5325,31.010294,43048.17,24824.318,1.2,1.2,0.0,4.0
2022-03-09,0.0,32.0825,24.082499,33.505413,43094.207,39600.0,0.0,0.0,0.0,0.0
2022-03-10,51.0,31.6325,25.7325,33.905025,43140.43,39600.0,0.8000001,0.8000001,0.0,5.0
2022-03-11,53.0,31.7825,26.082499,34.353825,43186.824,39600.0,1.1,1.1,0.0,3.0
2022-03-12,51.0,33.182503,26.082499,35.310192,43233.34,39600.0,0.2,0.2,0.0,2.0
2022-03-13,51.0,32.932503,26.7825,35.259953,43279.953,39600.0,0.1,0.1,0.0,1.0
2022-03-14,2.0,32.932503,25.8825,34.32676,43326.633,38918.844,0.0,0.0,0.0,0.0
2022-03-15,2.0,34.232502,26.932499,34.529934,43373.348,39600.0,0.0,0.0,0.0,0.0
2022-03-16,55.0,32.5825,26.5325,33.99051,43420.06,39600.0,1.3000001,1.3000001,0.0,3.0
2022-03-17,1.0,33.5325,26.4825,34.643257,43466.746,39600.0,0.0,0.0,0.0,0.0
2022-03-19,51.0,32.6325,24.832499,33.571747,43559.89,39600.0,0.2,0.2,0.0,2.0
2022-03-21,61.0,30.332499,24.832499,31.772842,43652.527,32142.496,5.0,5.0,0.0,11.0
2022-03-22,63.0,30.332499,24.9825,32.601574,43698.574,39600.0,5.899999,5.899999,0.0,13.0
2022-03-23,61.0,29.432499,25.2325,32.325108,43744.4,21893.7,3.6999998,3.6999998,0.0,7.0
2022-03-24,63.0,30.5325,24.9825,33.330482,43790.027,26797.582,4.2,4.2,0.0,7.0
2022-03-25,63.0,30.832499,25.7825,34.122288,43835.777,36299.2,6.5,6.5,0.0,6.0
2022-03-26,1.0,32.232502,26.4825,35.057556,43881.688,39688.2,0.0,0.0,0.0,0.0
2022-03-27,61.0,33.2825,25.4825,35.003845,43927.72,39682.215,2.3,2.3,0.0,3.0
2022-03-28,63.0,32.482502,24.582499,34.751225,43973.85,37648.21,4.6,4.6,0.0,6.0
2022-03-29,61.0,31.2825,24.5325,33.39384,44020.047,30314.03,4.4,4.4,0.0,5.0
2022-03-30,63.0,31.7825,25.2325,34.16888,44066.28,36000.0,6.1,6.1,0.0,8.0
2022-03-31,63.0,32.8825,24.432499,33.698196,44112.516,38298.54,11.4,11.4,0.0,7.0
2022-04-01,51.0,32.432503,23.7325,32.05678,44158.73,36363.125,0.2,0.2,0.0,2.0
2022-04-04,1.0,30.932499,21.082499,28.39771,44296.918,39600.0,0.0,0.0,0.0,0.0
2022-04-05,2.0,32.1325,23.082499,31.05501,44342.723,38770.46,0.0,0.0,0.0,0.0
2022-04-06,1.0,34.732502,24.9825,33.52889,44388.348,40359.16,0.0,0.0,0.0,0.0
2022-04-07,2.0,34.6325,24.1325,31.679731,44433.76,40251.36,0.0,0.0,0.0,0.0
2022-04-08,1.0,34.182503,23.932499,31.023445,44478.93,40360.945,0.0,0.0,0.0,0.0
2022-04-09,1.0,35.3825,24.7325,33.16294,44523.816,40807.402,0.0,0.0,0.0,0.0
2022-04-10,1.0,34.932503,25.582499,34.974796,44568.39,40812.547,0.0,0.0,0.0,0.0
2022-04-11,55.0,33.7825,25.7825,34.788574,44612.62,38935.586,2.4,2.4,0.0,5.0
2022-04-12,51.0,34.5325,27.182499,35.35194,44656.473,40360.867,0.4,0.4,0.0,3.0
2022-04-13,53.0,35.8325,26.8825,35.93147,44699.96,40825.41,0.5,0.5,0.0,1.0
2022-04-17,61.0,33.0325,27.6325,35.478752,44873.473,41320.543,2.6999998,2.6999998,0.0,6.0
2022-04-19,53.0,30.1325,24.7325,32.429092,44959.66,20618.723,0.90000004,0.90000004,0.0,4.0
2022-04-20,63.0,32.0325,24.582499,34.010715,45002.504,40103.98,5.5,5.5,0.0,4.0
2022-04-21,61.0,31.082499,26.332499,34.145115,45045.133,41221.047,4.1,4.1,0.0,8.0
2022-04-22,63.0,31.4825,26.6325,34.474213,45087.52,31955.9,11.200001,11.200001,0.0,8.0
2022-04-23,51.0,32.732502,26.682499,35.16283,45129.63,41609.227,0.5,0.5,0.0,5.0
2022-04-24,51.0,33.732502,27.2325,35.662685,45171.426,41870.617,0.3,0.3,0.0,2.0
2022-04-25,51.0,32.6325,27.9825,35.47606,45212.875,41961.695,0.3,0.3,0.0,3.0
2022-04-26,53.0,33.0825,27.0325,35.651325,45253.938,41065.09,1.1,1.1,0.0,3.0
2022-04-27,1.0,35.732502,28.082499,37.26151,45294.59,41305.44,0.0,0.0,0.0,0.0
2022-04-28,63.0,35.182503,25.7825,35.57369,45334.777,35871.113,6.4,6.4,0.0,9.0
2022-04-29,53.0,33.1325,24.7325,34.54517,45374.48,32065.559,0.9,0.9,0.0,1.0
2022-04-30,55.0,32.482502,25.7825,34.95134,45413.652,39934.54,3.0,3.0,0.0,5.0
2022-05-02,63.0,29.332499,22.0325,28.203413,45490.246,23633.162,10.099999,10.099999,0.0,5.0
2022-05-04,3.0,27.682499,21.332499,28.220308,45564.75,26644.795,0.0,0.0,0.0,0.0
2022-05-05,2.0,31.4825,24.0325,32.407513,45601.562,40457.062,0.0,0.0,0.0,0.0
2022-05-07,63.0,32.3325,24.082499,32.52036,45674.22,39899.14,5.3999996,5.3999996,0.0,8.0
2022-05-08,63.0,31.5325,24.182499,32.793644,45709.996,32943.266,8.1,8.1,0.0,6.0
2022-05-09,63.0,31.432499,25.332499,33.309826,45745.363,34511.098,8.9,8.9,0.0,12.0
2022-05-10,51.0,30.0325,23.682499,32.599205,45780.285,32393.299,1.8000001,1.8000001,0.0,10.0
2022-05-12,63.0,31.332499,25.932499,34.330067,45848.652,37173.49,6.5999994,6.5999994,0.0,9.0
2022-05-13,51.0,32.8325,26.1325,35.145054,45882.035,39600.0,0.3,0.3,0.0,1.0
2022-05-14,63.0,32.3325,27.082499,36.210037,45914.832,30850.254,5.6000004,5.6000004,0.0,7.0
2022-05-15,63.0,32.8325,26.082499,35.32088,45947.01,22855.65,4.6000004,4.6000004,0.0,5.0
2022-05-19,61.0,30.7325,25.082499,32.664715,46068.8,31056.453,4.7,4.7,0.0,9.0
2022-05-20,63.0,30.9825,26.082499,32.717266,46097.336,33025.633,8.5,8.5,0.0,7.0
2022-05-22,61.0,29.2825,24.9825,31.133242,46151.832,21211.543,6.3999996,6.3999996,0.0,9.0
2022-05-23,53.0,31.082499,25.6325,32.955563,46177.758,38270.336,2.1,2.1,0.0,7.0
2022-05-24,63.0,30.6325,25.082499,32.641815,46203.03,32400.0,8.2,8.2,0.0,8.0
2022-05-25,61.0,31.932499,25.0325,33.117275,46227.66,30332.09,2.4999998,2.4999998,0.0,3.0
2022-05-26,51.0,31.432499,25.682499,33.047523,46251.63,34884.38,0.70000005,0.70000005,0.0,5.0
2022-05-27,63.0,32.1325,24.682499,32.552814,46274.906,26446.613,8.2,8.2,0.0,8.0
2022-05-28,61.0,32.432503,25.432499,32.683735,46297.47,38728.375,3.8000002,3.8000002,0.0,7.0
2022-05-29,63.0,32.3325,24.682499,32.952023,46319.297,38643.6,5.0,5.0,0.0,5.0
2022-05-30,61.0,31.9825,25.182499,33.447266,46340.363,40443.824,3.1999998,3.1999998,0.0,6.0
2022-05-31,63.0,32.3825,25.3825,34.08637,46360.65,34846.473,6.9999995,6.9999995,0.0,5.0
2022-06-01,61.0,32.5825,25.7325,34.783794,46380.125,31700.508,1.5,1.5,0.0,3.0
2022-06-02,61.0,32.432503,26.582499,34.264324,46398.773,41849.2,3.6,3.6,0.0,5.0
2022-06-05,51.0,31.1325,25.0325,32.99783,46449.473,36839.125,0.4,0.4,0.0,4.0
2022-06-06,51.0,31.932499,25.2325,32.425194,46464.55,26879.16,0.2,0.2,0.0,2.0
2022-06-07,53.0,32.1325,25.1325,32.601208,46478.676,26647.053,0.9,0.9,0.0,3.0
2022-06-08,51.0,32.7825,25.082499,33.387547,46491.82,39265.305,0.5,0.5,0.0,2.0
2022-06-09,63.0,32.732502,25.1325,34.000546,46503.97,41678.543,5.5,5.5,0.0,3.0
2022-06-10,51.0,33.0825,25.332499,34.343807,46515.098,39665.125,0.3,0.3,0.0,2.0
2022-06-11,55.0,34.1325,25.582499,34.88262,46525.176,41052.344,2.0,2.0,0.0,3.0
2022-06-13,51.0,34.182503,26.5325,35.454296,46542.254,42442.6,0.8000001,0.8000001,0.0,3.0
2022-06-14,51.0,33.232502,26.682499,34.81164,46549.336,39139.484,1.5,1.5,0.0,7.0
2022-06-15,63.0,31.9825,27.0325,34.38358,46555.453,37067.527,4.2,4.2,0.0,6.0
2022-06-16,53.0,31.832499,26.582499,34.63194,46560.61,42414.383,2.1,2.1,0.0,5.0
2022-06-17,51.0,34.732502,26.582499,35.65375,46564.797,38322.33,0.2,0.2,0.0,2.0
2022-06-18,51.0,34.682503,25.932499,34.97129,46568.016,40377.816,0.4,0.4,0.0,1.0
2022-06-19,53.0,36.5325,25.2825,33.969173,46570.273,42866.414,1.5000001,1.5000001,0.0,6.0
2022-06-20,55.0,36.482502,25.582499,34.37901,46571.566,42853.465,1.2,1.2,0.0,2.0
2022-06-22,61.0,33.3825,25.432499,34.14632,46571.266,42339.258,3.3999999,3.3999999,0.0,6.0
2022-06-23,63.0,33.732502,25.832499,33.94642,46569.676,33979.266,10.3,10.3,0.0,9.0
2022-06-25,61.0,31.432499,24.9825,33.556767,46563.63,40500.184,5.6,5.6,0.0,13.0
2022-06-26,61.0,31.1325,26.0325,32.775257,46559.18,37062.71,3.9,3.9,0.0,9.0
2022-06-27,63.0,30.582499,25.182499,32.97963,46553.777,32081.656,5.9,5.9,0.0,7.0
2022-06-28,63.0,33.682503,25.5325,34.288895,46547.438,35051.05,6.0,6.0,0.0,3.0
2022-06-29,61.0,33.482502,25.7325,34.369427,46540.156,42236.08,1.7,1.7,0.0,3.0
2022-07-01,63.0,32.682503,25.8825,33.723015,46522.79,35722.637,7.2,7.2,0.0,3.0
2022-07-02,63.0,30.6325,25.932499,33.096004,46512.695,25807.248,7.1,7.1,0.0,7.0
2022-07-03,61.0,31.3825,26.5325,33.4083,46501.55,38196.258,3.1,3.1,0.0,6.0
2022-07-04,61.0,32.2825,25.9825,33.313732,46489.367,30291.572,5.7,5.7,0.0,6.0
2022-07-05,53.0,31.682499,25.4825,33.810207,46476.168,39450.707,1.5000001,1.5000001,0.0,8.0
2022-07-06,53.0,33.2825,25.932499,34.49528,46461.977,40920.29,2.3,2.3,0.0,8.0
2022-07-07,61.0,32.0325,25.932499,33.350346,46446.824,28355.867,3.3000002,3.3000002,0.0,5.0
2022-07-14,61.0,32.3325,24.7325,32.495773,46315.973,30888.912,2.3,2.3,0.0,3.0
2022-07-15,63.0,30.4825,24.7825,32.96018,46294.062,19658.697,8.900001,8.900001,0.0,10.0
2022-07-16,55.0,31.5325,25.182499,33.59635,46271.42,35923.09,2.6,2.6,0.0,10.0
2022-07-17,61.0,31.2825,25.2325,33.700043,46248.08,32384.441,4.6,4.6,0.0,6.0
2022-07-18,63.0,32.982502,25.7325,34.282833,46224.062,33602.297,7.2999997,7.2999997,0.0,7.0
2022-07-19,53.0,34.682503,26.0325,34.019924,46199.395,34721.75,0.8000001,0.8000001,0.0,3.0
2022-07-22,61.0,30.332499,25.332499,32.707214,46121.723,30514.484,7.8999996,7.8999996,0.0,13.0
2022-07-24,65.0,31.2325,24.7325,33.488117,46066.17,27399.953,10.1,10.1,0.0,9.0
2022-07-25,63.0,31.4825,25.5325,34.65723,46037.152,40063.83,6.8,6.8,0.0,8.0
2022-07-26,53.0,32.482502,26.4825,35.54378,46007.363,38712.035,1.0,1.0,0.0,2.0
2022-07-27,61.0,31.7825,25.6325,34.670506,45976.84,42181.27,3.8,3.8,0.0,8.0
2022-07-28,51.0,30.932499,26.832499,34.1497,45945.61,26713.506,2.0,2.0,0.0,9.0
2022-07-29,51.0,31.8825,25.432499,34.291435,45913.723,42567.59,0.6,0.6,0.0,5.0
2022-07-30,61.0,33.0325,25.932499,34.852528,45881.21,41112.207,4.3999996,4.3999996,0.0,6.0
2022-08-03,53.0,29.9825,25.6325,32.502884,45745.63,28928.033,2.8999999,2.8999999,0.0,11.0
2022-08-04,63.0,31.832499,25.082499,33.095634,45710.527,28401.79,9.7,9.7,0.0,13.0
2022-08-06,51.0,31.2325,25.832499,33.073814,45639.117,39600.0,1.0,1.0,0.0,6.0
2022-08-10,53.0,31.582499,25.1325,32.24574,45492.387,33390.594,1.2,1.2,0.0,4.0
2022-08-12,63.0,30.432499,23.8825,31.568872,45417.105,23285.791,10.400001,10.400001,0.0,8.0
2022-08-13,51.0,31.2825,24.8825,33.35083,45378.617,40511.44,1.0,1.0,0.0,7.0
2022-08-14,53.0,31.4825,25.332499,33.82803,45339.582,41335.7,1.7,1.7,0.0,5.0
2022-08-17,63.0,30.6325,25.2325,32.686733,45219.65,28620.08,3.8000002,3.8000002,0.0,5.0
2022-08-18,53.0,30.6325,24.9825,33.257347,45178.836,41079.613,3.2,3.2,0.0,8.0
2022-08-20,55.0,30.8825,25.0325,32.313717,45096.176,16948.008,4.9,4.9,0.0,10.0
2022-08-22,51.0,31.3825,24.332499,33.071358,45012.355,34147.65,1.1,1.1,0.0,4.0
2022-08-23,51.0,32.0825,25.182499,34.09215,44970.094,41421.58,0.4,0.4,0.0,2.0
2022-08-24,2.0,33.5825,26.0325,34.353333,44927.633,36764.715,0.0,0.0,0.0,0.0
2022-08-26,61.0,29.082499,24.932499,31.467628,44842.266,22243.113,11.3,11.3,0.0,15.0
2022-08-27,51.0,30.2825,25.1325,32.70226,44799.414,39449.92,0.90000004,0.90000004,0.0,7.0
2022-08-28,53.0,31.682499,25.082499,34.817722,44756.492,35710.53,1.8000001,1.8000001,0.0,8.0
2022-08-30,61.0,31.2325,25.332499,34.527,44670.555,29957.75,3.3,3.3,0.0,5.0
2022-08-31,51.0,31.8825,25.182499,34.435017,44627.55,33501.707,0.70000005,0.70000005,0.0,6.0
2022-09-01,53.0,31.9825,25.332499,35.012844,44584.207,39600.0,3.0,3.0,0.0,7.0
2022-09-03,63.0,31.8825,26.682499,35.105038,44496.504,25200.0,8.2,8.2,0.0,9.0
2022-09-05,63.0,29.7825,24.7825,32.310917,44407.645,23780.896,10.200001,10.200001,0.0,10.0
2022-09-12,63.0,30.9825,24.582499,32.829723,44091.055,34601.62,5.2999997,5.2999997,0.0,9.0
2022-09-13,63.0,31.182499,24.332499,33.153625,44045.51,29710.246,8.1,8.1,0.0,10.0
2022-09-14,63.0,30.832499,24.5325,33.070377,43999.977,35214.24,6.7999997,6.7999997,0.0,6.0
2022-09-16,63.0,31.182499,25.082499,32.722275,43909.035,35162.883,4.1,4.1,0.0,5.0
2022-09-17,63.0,30.832499,24.832499,32.92883,43863.688,29252.32,9.499999,9.499999,0.0,10.0
2022-09-20,51.0,31.182499,24.1325,30.657503,43728.406,31116.66,0.6,0.6,0.0,3.0
2022-09-28,61.0,29.932499,24.6325,30.340837,43363.004,16001.477,7.2999997,7.2999997,0.0,8.0
2022-10-01,63.0,29.7825,24.6325,32.56107,43225.168,34853.73,6.3999996,6.3999996,0.0,8.0
2022-10-02,63.0,30.7825,24.082499,32.547203,43179.367,29961.059,10.4,10.4,0.0,14.0
2022-10-04,63.0,30.0325,24.082499,30.910852,43088.168,26450.535,8.1,8.1,0.0,6.0
2022-10-11,61.0,28.932499,22.9825,30.19071,42775.85,28297.824,4.6,4.6,0.0,7.0
2022-10-12,51.0,30.832499,23.7325,32.173386,42731.707,38734.496,0.5,0.5,0.0,2.0
2022-10-13,51.0,31.682499,23.5325,32.166195,42687.523,39909.79,0.1,0.1,0.0,1.0
2022-10-14,3.0,31.3825,23.6325,30.649694,42643.33,32944.062,0.0,0.0,0.0,0.0
2022-10-17,3.0,29.6325,21.2825,28.182543,42511.023,38309.85,0.0,0.0,0.0,0.0
2022-10-18,1.0,30.4825,21.432499,28.885183,42467.137,39722.41,0.0,0.0,0.0,0.0
2022-10-19,1.0,30.7825,22.4825,29.327597,42423.414,39686.023,0.0,0.0,0.0,0.0
2022-10-20,2.0,30.182499,23.0325,29.576576,42379.9,33628.453,0.0,0.0,0.0,0.0
2022-10-21,51.0,29.582499,23.582499,30.490746,42336.617,19006.787,0.4,0.4,0.0,3.0
2022-10-23,51.0,30.432499,23.7825,31.862259,42250.92,37433.996,0.5,0.5,0.0,4.0
2022-10-24,1.0,32.182503,24.182499,33.043297,42208.582,38587.97,0.0,0.0,0.0,0.0
2022-10-25,3.0,32.732502,24.8825,33.31948,42166.633,38600.637,0.0,0.0,0.0,0.0
2022-10-26,61.0,31.8825,24.1325,33.17413,42125.113,32400.0,4.1,4.1,0.0,7.0
2022-10-27,51.0,29.1325,24.8825,32.092194,42084.062,17354.816,1.4000001,1.4000001,0.0,9.0
2022-10-28,51.0,31.0325,22.682499,31.994684,42043.52,36221.37,0.1,0.1,0.0,1.0
2022-10-29,3.0,31.932499,22.7825,30.611954,42003.527,38097.723,0.0,0.0,0.0,0.0
2022-10-30,3.0,31.6325,23.0325,30.770813,41964.06,38778.92,0.0,0.0,0.0,0.0
2022-10-31,1.0,31.5325,22.0325,30.650902,41924.758,38442.844,0.0,0.0,0.0,0.0
2022-11-01,1.0,31.0325,20.932499,28.902992,41885.6,37817.98,0.0,0.0,0.0,0.0
2022-11-02,1.0,31.682499,20.9825,29.096382,41846.62,38867.406,0.0,0.0,0.0,0.0
2022-11-03,1.0,32.182503,20.332499,28.474386,41807.867,38638.883,0.0,0.0,0.0,0.0
2022-11-05,3.0,31.832499,21.6325,29.736616,41731.164,29939.42,0.0,0.0,0.0,0.0
2022-11-06,61.0,32.5325,23.9825,31.560385,41693.305,33800.44,3.4,3.4,0.0,2.0
2022-11-07,51.0,31.932499,24.4825,31.963196,41655.832,37173.05,0.8,0.8,0.0,2.0
2022-11-08,1.0,32.732502,23.082499,30.551949,41618.777,37364.152,0.0,0.0,0.0,0.0
2022-11-09,1.0,32.5825,22.832499,30.103994,41582.19,37682.668,0.0,0.0,0.0,0.0
2022-11-10,3.0,34.232502,23.4825,31.154322,41546.113,37248.02,0.0,0.0,0.0,0.0
2022-11-11,3.0,34.182503,24.9825,32.057384,41510.594,36845.203,0.0,0.0,0.0,0.0
2022-11-12,3.0,34.182503,25.1325,32.529926,41475.668,36962.234,0.0,0.0,0.0,0.0
2022-11-13,61.0,33.5325,24.3825,32.525387,41441.387,32874.453,3.3,3.3,0.0,6.0
2022-11-15,61.0,32.232502,24.3825,32.878445,41374.938,34179.574,2.1,2.1,0.0,4.0
2022-11-16,55.0,32.432503,24.1325,32.284023,41342.855,33993.43,1.3000001,1.3000001,0.0,3.0
2022-11-17,61.0,31.7325,24.6325,32.719234,41311.613,33495.535,5.7000003,5.7000003,0.0,5.0
2022-11-18,63.0,31.0325,23.4825,31.936241,41281.24,29032.885,7.3,7.3,0.0,7.0
2022-11-19,51.0,32.6325,24.332499,33.024605,41251.73,35802.62,0.6,0.6,0.0,4.0
2022-11-21,63.0,31.3825,24.6325,32.225033,41194.31,36000.0,4.8,4.8,0.0,1.0
2022-11-22,3.0,32.982502,25.082499,33.260906,41166.41,36051.18,0.0,0.0,0.0,0.0
2022-11-23,63.0,32.1325,24.3825,32.2934,41139.094,30841.016,9.300001,9.300001,0.0,13.0
2022-11-26,53.0,28.6325,23.7325,31.239405,41061.016,27766.3,2.2999997,2.2999997,0.0,12.0
2022-11-27,51.0,29.5325,24.2325,32.260693,41036.4,36000.0,1.2000002,1.2000002,0.0,8.0
2022-11-28,63.0,30.3825,24.6325,33.219624,41012.543,35520.22,4.4,4.4,0.0,6.0
2022-11-29,63.0,30.5325,24.682499,33.019604,40989.49,29672.43,6.4999995,6.4999995,0.0,11.0
2022-11-30,63.0,31.3825,23.2325,31.97634,40967.273,30845.02,10.9,10.9,0.0,4.0
2022-12-01,53.0,31.1325,23.832499,31.53489,40945.934,36810.26,1.4,1.4,0.0,6.0
2022-12-02,51.0,30.832499,23.082499,31.261148,40925.504,29663.645,0.4,0.4,0.0,3.0
2022-12-03,63.0,30.082499,23.3825,30.502222,40906.023,36000.0,6.7,6.7,0.0,2.0
2022-12-04,3.0,30.2325,23.9825,30.985138,40887.53,31613.945,0.0,0.0,0.0,0.0
2022-12-05,55.0,30.7325,24.182499,30.47323,40870.062,36818.54,1.0,1.0,0.0,1.0
2022-12-06,2.0,31.0325,23.0325,30.19525,40853.652,36929.375,0.0,0.0,0.0,0.0
2022-12-07,51.0,30.932499,22.8825,30.4922,40838.348,30494.94,0.4,0.4,0.0,3.0
2022-12-08,1.0,31.1325,23.432499,32.02517,40824.176,36714.676,0.0,0.0,0.0,0.0
2022-12-09,2.0,31.6325,23.682499,31.904106,40811.145,36383.637,0.0,0.0,0.0,0.0
2022-12-10,51.0,31.082499,23.582499,31.833204,40799.086,37274.875,0.2,0.2,0.0,2.0
2022-12-11,3.0,32.182503,22.082499,30.916862,40787.984,37167.727,0.0,0.0,0.0,0.0
2022-12-12,3.0,31.932499,21.3825,28.586548,40777.84,35996.996,0.0,0.0,0.0,0.0
2022-12-22,1.0,31.0325,20.182499,28.95915,40731.164,38001.902,0.0,0.0,0.0,0.0
2022-12-23,1.0,32.232502,20.7325,27.840218,40732.125,38026.453,0.0,0.0,0.0,0.0
2023-01-03,3.0,30.7325,20.932499,27.900827,40813.9,25548.506,0.0,0.0,0.0,0.0
2023-01-04,3.0,31.832499,21.9825,28.528852,40827.89,34825.78,0.0,0.0,0.0,0.0
2023-01-05,1.0,31.2325,21.2325,28.036207,40842.902,37592.652,0.0,0.0,0.0,0.0
2023-01-09,3.0,31.8825,23.182499,29.188375,40912.508,30621.266,0.0,0.0,0.0,0.0
2023-01-10,63.0,32.482502,23.3825,30.245214,40932.16,32034.898,6.3,6.3,0.0,5.0
2023-01-11,51.0,29.832499,22.332499,28.807604,40952.652,29792.223,0.9000001,0.9000001,0.0,4.0
2023-01-12,51.0,31.6325,22.932499,31.082182,40973.96,36582.895,0.4,0.4,0.0,2.0
2023-01-13,51.0,30.9825,23.6325,31.18209,40996.055,38294.125,1.3000001,1.3000001,0.0,7.0
2023-01-14,51.0,32.3325,22.332499,31.351377,41018.902,38324.453,1.2,1.2,0.0,5.0
2023-01-15,1.0,33.432503,21.2825,29.9188,41042.477,38375.5,0.0,0.0,0.0,0.0
2023-01-16,3.0,32.682503,20.932499,30.349089,41066.754,38402.78,0.0,0.0,0.0,0.0
2023-01-17,3.0,33.0825,22.082499,30.247732,41091.703,36509.957,0.0,0.0,0.0,0.0
2023-01-18,2.0,32.6325,21.932499,27.803865,41117.348,38459.555,0.0,0.0,0.0,0.0
2023-02-02,2.0,34.3825,22.582499,31.639013,41599.316,38998.22,0.0,0.0,0.0,0.0
2023-02-03,61.0,29.5325,24.5325,31.519712,41635.957,35438.77,4.5,4.5,0.0,8.0
2023-02-04,61.0,33.182503,24.2825,32.41066,41672.926,39079.613,2.6999998,2.6999998,0.0,5.0
2023-02-05,53.0,33.5325,23.7325,32.8424,41710.17,36964.26,0.8,0.8,0.0,2.0
2023-02-06,51.0,33.682503,24.332499,32.933453,41747.664,39161.992,0.4,0.4,0.0,3.0
2023-02-07,51.0,32.5825,24.9825,32.504894,41785.43,39203.453,0.1,0.1,0.0,1.0
2023-02-08,51.0,33.5325,25.2825,33.36044,41823.836,39245.41,0.2,0.2,0.0,2.0
2023-02-09,51.0,32.5325,25.5325,32.54411,41862.895,39288.047,0.2,0.2,0.0,2.0
2023-02-10,51.0,33.0325,25.4825,32.51656,41902.57,37430.55,0.6,0.6,0.0,4.0
2023-02-11,1.0,33.5825,25.332499,32.720413,41942.81,39351.65,0.0,0.0,0.0,0.0
2023-02-12,51.0,33.232502,25.682499,33.088615,41983.58,39374.11,0.2,0.2,0.0,2.0
2023-02-13,61.0,32.682503,25.582499,33.266132,42024.83,39397.605,2.3999999,2.3999999,0.0,6.0
2023-02-14,63.0,33.932503,25.182499,34.021744,42066.51,39422.1,7.7,7.7,0.0,4.0
2023-02-16,51.0,30.4825,22.2325,28.734007,42151.03,34087.906,0.3,0.3,0.0,3.0
2023-02-18,2.0,30.4825,21.332499,27.972382,42236.81,33823.156,0.0,0.0,0.0,0.0
2023-02-19,3.0,32.432503,21.832499,30.223467,42280.066,39557.453,0.0,0.0,0.0,0.0
2023-02-20,2.0,31.6325,22.582499,29.394499,42323.52,39586.684,0.0,0.0,0.0,0.0
2023-02-21,1.0,32.732502,21.332499,29.080276,42367.13,39600.0,0.0,0.0,0.0,0.0
2023-02-22,1.0,32.682503,21.582499,28.625261,42410.86,39600.0,0.0,0.0,0.0,0.0
2023-02-23,1.0,32.682503,21.0325,28.980707,42454.664,39600.0,0.0,0.0,0.0,0.0
2023-02-24,1.0,34.1325,21.182499,29.11762,42498.508,39600.0,0.0,0.0,0.0,0.0
2023-02-28,1.0,31.682499,20.182499,27.847145,42674.16,39600.0,0.0,0.0,0.0,0.0
2023-03-01,2.0,34.8325,21.332499,30.919939,42718.71,39600.0,0.0,0.0,0.0,0.0
2023-03-02,1.0,34.2825,23.2825,31.182283,42763.6,39600.0,0.0,0.0,0.0,0.0
2023-03-03,1.0,33.732502,21.832499,29.307287,42808.8,39600.0,0.0,0.0,0.0,0.0
2023-03-04,1.0,33.2825,21.2825,28.497053,42854.28,39600.0,0.0,0.0,0.0,0.0
2023-03-05,1.0,33.5325,21.2325,29.016027,42900.0,39600.0,0.0,0.0,0.0,0.0
2023-03-06,2.0,33.982502,21.932499,29.633535,42945.926,37951.156,0.0,0.0,0.0,0.0
2023-03-07,1.0,34.732502,22.832499,31.43997,42992.027,39600.0,0.0,0.0,0.0,0.0
2023-03-08,0.0,35.232502,24.182499,32.890095,43038.266,39600.0,0.0,0.0,0.0,0.0
2023-03-09,51.0,33.5325,25.082499,32.976143,43084.613,39600.0,0.3,0.3,0.0,3.0
2023-03-10,53.0,33.2825,25.4825,33.271305,43131.035,39600.0,0.9000001,0.9000001,0.0,5.0
2023-03-11,51.0,32.682503,26.2325,33.430843,43177.492,39600.0,0.6,0.6,0.0,4.0
2023-03-12,63.0,31.9825,23.082499,32.37639,43223.96,38618.848,6.5,6.5,0.0,9.0
2023-03-13,51.0,33.1325,23.1325,30.498808,43270.406,39174.555,0.5,0.5,0.0,2.0
2023-03-14,3.0,32.982502,23.3825,30.735819,43316.79,37217.98,0.0,0.0,0.0,0.0
2023-03-15,53.0,32.182503,23.6325,32.066757,43363.086,39600.0,1.0,1.0,0.0,4.0
2023-03-16,51.0,31.932499,25.2825,32.36233,43409.258,39600.0,0.6,0.6,0.0,4.0
2023-03-17,51.0,32.682503,25.332499,32.48448,43455.27,39600.0,0.6,0.6,0.0,3.0
2023-03-18,51.0,32.732502,25.7825,33.097218,43501.1,39600.0,0.5,0.5,0.0,5.0
2023-03-19,51.0,32.682503,26.082499,33.22155,43546.76,39600.0,0.5,0.5,0.0,4.0
2023-03-20,51.0,33.3325,26.5325,33.910984,43592.598,39600.0,0.70000005,0.70000005,0.0,5.0
2023-03-21,1.0,33.6325,26.2825,34.125698,43638.625,39600.0,0.0,0.0,0.0,0.0
2023-03-22,51.0,34.8825,26.8825,34.68192,43684.82,39600.0,0.1,0.1,0.0,1.0
2023-03-23,1.0,33.982502,26.8825,34.820057,43731.152,39600.0,0.0,0.0,0.0,0.0
2023-03-24,1.0,34.8325,26.832499,35.252316,43777.586,39614.984,0.0,0.0,0.0,0.0
2023-03-25,51.0,34.2825,27.1325,35.028713,43824.098,39695.312,0.4,0.4,0.0,4.0
2023-03-26,51.0,34.1325,26.2325,34.787766,43870.656,39600.0,0.1,0.1,0.0,1.0
2023-03-27,1.0,34.0825,26.8825,34.594425,43917.23,39774.766,0.0,0.0,0.0,0.0
2023-03-28,63.0,33.8825,25.7825,33.65185,43963.79,39677.004,3.3999999,3.3999999,0.0,3.0
2023-03-29,1.0,33.432503,26.7325,33.86768,44010.31,39859.93,0.0,0.0,0.0,0.0
2023-03-30,53.0,33.0825,26.832499,34.41786,44056.746,39759.734,1.5,1.5,0.0,5.0
2023-03-31,1.0,34.5325,27.432499,34.730724,44103.08,40048.742,0.0,0.0,0.0,0.0
2023-04-01,53.0,32.7825,27.682499,34.1629,44149.27,39947.836,1.3,1.3,0.0,4.0
2023-04-02,51.0,33.3825,26.932499,34.657406,44195.293,40046.22,0.6,0.6,0.0,3.0
2023-04-03,1.0,36.6325,27.582499,35.030045,44241.113,40044.406,0.0,0.0,0.0,0.0
2023-04-07,51.0,34.482502,27.932499,35.513763,44421.734,35549.44,0.2,0.2,0.0,2.0
2023-04-08,53.0,35.5325,28.082499,36.085403,44466.113,32661.582,0.8,0.8,0.0,1.0
2023-04-09,53.0,35.932503,27.7825,36.311417,44510.492,39762.06,2.0,2.0,0.0,6.0
2023-04-10,1.0,35.5825,28.182499,36.29616,44554.906,40473.82,0.0,0.0,0.0,0.0
2023-04-11,65.0,34.6325,28.332499,36.8967,44599.324,40702.086,9.500001,9.500001,0.0,3.0
2023-04-12,2.0,36.1325,27.432499,37.13816,44643.707,40820.082,0.0,0.0,0.0,0.0
2023-04-13,2.0,36.7825,28.6325,36.879257,44688.03,38544.99,0.0,0.0,0.0,0.0
2023-04-14,55.0,36.2825,28.9825,37.131413,44732.26,36515.78,1.3000001,1.3000001,0.0,3.0
2023-04-16,55.0,32.7825,28.0325,35.753513,44820.33,34964.844,2.7,2.7,0.0,7.0
2023-04-17,63.0,33.7825,27.6325,36.24309,44864.098,40837.695,6.4,6.4,0.0,2.0
2023-04-18,1.0,34.7825,28.2325,36.591183,44907.645,41447.516,0.0,0.0,0.0,0.0
2023-04-19,2.0,36.8325,25.9825,37.14283,44950.938,41455.082,0.0,0.0,0.0,0.0
2023-04-23,55.0,35.5825,28.3825,36.211967,45120.887,41608.227,1.5,1.5,0.0,4.0
2023-04-24,51.0,36.432503,27.682499,36.893265,45162.39,41927.633,0.3,0.3,0.0,2.0
2023-04-26,61.0,30.2825,25.7825,33.271465,45243.97,16299.978,5.3,5.3,0.0,7.0
2023-04-27,63.0,32.982502,26.1325,35.66633,45283.96,39600.0,7.2000003,7.2000003,0.0,6.0
2023-04-28,53.0,33.7825,27.682499,36.714813,45323.43,42041.082,1.0,1.0,0.0,2.0
2023-04-29,51.0,33.3325,28.0325,36.475468,45362.676,42067.19,0.2,0.2,0.0,2.0
2023-04-30,65.0,32.5825,26.2825,34.493156,45401.715,31137.812,11.5,11.5,0.0,5.0
2023-05-01,53.0,32.8825,26.582499,35.694904,45440.52,42117.664,2.2,2.2,0.0,5.0
2023-05-02,53.0,33.7825,26.682499,36.39223,45479.055,42141.99,1.0,1.0,0.0,4.0
2023-05-03,1.0,33.482502,27.432499,36.266075,45517.293,42165.688,0.0,0.0,0.0,0.0
2023-05-04,1.0,34.3825,28.182499,36.656906,45555.195,42188.727,0.0,0.0,0.0,0.0
2023-05-05,51.0,36.8325,28.1325,37.879173,45592.73,42211.094,0.3,0.3,0.0,1.0
2023-05-09,51.0,36.232502,26.6325,36.314796,45738.516,35315.64,0.5,0.5,0.0,2.0
2023-05-10,63.0,31.4825,25.9825,34.344997,45773.688,17840.43,7.6,7.6,0.0,7.0
2023-05-11,65.0,32.932503,25.932499,35.372143,45808.293,38729.992,9.599999,9.599999,0.0,3.0
2023-05-12,63.0,32.8825,25.5325,35.040974,45842.27,30158.367,6.7000003,6.7000003,0.0,8.0
2023-05-13,51.0,33.932503,25.932499,34.618,45875.594,37944.926,0.2,0.2,0.0,2.0
2023-05-14,51.0,34.0325,27.582499,35.00855,45908.227,42378.637,0.1,0.1,0.0,1.0
2023-05-15,53.0,33.5825,25.7325,35.572163,45940.125,42087.15,1.3000001,1.3000001,0.0,7.0
2023-05-16,1.0,34.432503,26.7825,35.208477,45971.25,42406.664,0.0,0.0,0.0,0.0
2023-05-17,2.0,36.432503,27.682499,35.567993,46001.57,42419.293,0.0,0.0,0.0,0.0
2023-05-22,51.0,36.3825,27.6325,36.280586,46143.51,34698.203,0.6,0.6,0.0,2.0
2023-05-23,61.0,35.0325,26.832499,35.184494,46170.125,29025.848,3.5,3.5,0.0,4.0
2023-05-24,63.0,34.8325,27.432499,35.779087,46196.09,36364.66,5.0,5.0,0.0,8.0
2023-05-25,51.0,36.1325,27.082499,36.243885,46221.38,29103.809,0.3,0.3,0.0,1.0
2023-05-28,63.0,34.3325,25.832499,34.223698,46292.867,21600.0,9.799999,9.799999,0.0,6.0
2023-05-30,63.0,32.482502,26.2325,35.64505,46336.605,31705.057,5.1,5.1,0.0,10.0
2023-06-01,51.0,34.5825,26.2825,34.787968,46376.94,38899.953,0.2,0.2,0.0,2.0
2023-06-02,53.0,33.932503,25.832499,34.684566,46395.76,42611.402,0.6,0.6,0.0,2.0
2023-06-03,63.0,33.182503,26.582499,35.464962,46413.637,42497.742,6.2,6.2,0.0,7.0
2023-06-04,53.0,32.3325,26.932499,35.191994,46430.55,42495.73,0.8000001,0.8000001,0.0,3.0
2023-06-05,61.0,33.5325,27.2325,34.708668,46446.47,40320.184,3.2,3.2,0.0,4.0
2023-06-06,63.0,32.0825,26.9825,33.685947,46461.36,32862.047,5.4,5.4,0.0,8.0
2023-06-07,63.0,31.682499,26.932499,33.92155,46475.223,36146.113,4.3,4.3,0.0,6.0
2023-06-08,63.0,32.2825,25.7325,33.15334,46488.17,27831.793,8.5,8.5,0.0,5.0
2023-06-09,63.0,30.3825,26.182499,33.073063,46500.227,18806.453,6.7000003,6.7000003,0.0,11.0
2023-06-12,63.0,31.432499,26.6325,33.233715,46530.938,31414.775,7.6999993,7.6999993,0.0,7.0
2023-06-13,61.0,30.8825,26.7325,33.28276,46539.332,36391.41,5.5,5.5,0.0,8.0
2023-06-14,63.0,30.832499,26.7325,33.330708,46546.79,18241.9,6.099999,6.099999,0.0,15.0
2023-06-16,61.0,31.932499,26.082499,34.668438,46558.887,38931.79,2.5,2.5,0.0,3.0
2023-06-19,61.0,31.182499,25.7825,33.475452,46569.887,19269.342,4.3,4.3,0.0,7.0
2023-06-20,63.0,32.0825,25.4825,34.636158,46571.625,35570.758,3.8,3.8,0.0,6.0
2023-06-21,51.0,32.7825,25.7825,35.22752,46572.39,33123.703,0.3,0.3,0.0,2.0
2023-06-22,2.0,32.932503,26.082499,34.70245,46572.18,34142.113,0.0,0.0,0.0,0.0
2023-06-24,51.0,33.7825,26.182499,34.22928,46568.816,35217.555,0.1,0.1,0.0,1.0
2023-06-25,53.0,34.3325,25.9825,33.305862,46565.656,35270.49,1.7000002,1.7000002,0.0,6.0
2023-06-26,55.0,32.7825,25.9825,33.281685,46561.504,33332.766,1.0,1.0,0.0,1.0
2023-06-29,55.0,32.182503,25.832499,34.598576,46542.867,39976.69,1.5000001,1.5000001,0.0,4.0
2023-07-01,65.0,33.1325,26.2825,34.756023,46525.258,31880.709,10.6,10.6,0.0,6.0
2023-07-02,63.0,32.1325,26.682499,34.06087,46514.96,34647.57,6.7000003,6.7000003,0.0,14.0
2023-07-03,53.0,31.682499,26.582499,33.723637,46503.684,23792.385,1.3000001,1.3000001,0.0,6.0
2023-07-04,61.0,31.6325,25.332499,33.82463,46491.46,27882.957,2.6,2.6,0.0,5.0
2023-07-05,51.0,31.5325,24.9825,33.39853,46478.305,23184.568,0.2,0.2,0.0,2.0
2023-07-06,63.0,33.2825,25.832499,34.59475,46464.242,36578.273,7.9,7.9,0.0,5.0
2023-07-07,53.0,34.0325,27.182499,36.117043,46449.29,38517.344,1.0,1.0,0.0,2.0
2023-07-08,61.0,31.832499,25.2825,34.26705,46433.473,35009.37,5.0,5.0,0.0,11.0
2023-07-10,63.0,29.4825,25.6325,32.712326,46399.324,26599.855,8.500001,8.500001,0.0,14.0
2023-07-11,55.0,30.8825,25.182499,33.512768,46381.035,24536.467,2.4,2.4,0.0,7.0
2023-07-12,61.0,31.9825,26.0325,35.139492,46361.97,42073.848,3.5,3.5,0.0,7.0
2023-07-13,61.0,33.932503,25.932499,34.447544,46342.14,42821.29,2.7,2.7,0.0,3.0
2023-07-15,53.0,33.7825,25.932499,33.44348,46300.3,39986.73,0.8,0.8,0.0,2.0
2023-07-16,55.0,33.8325,25.4825,32.79485,46278.324,25681.71,1.9,1.9,0.0,5.0
2023-07-17,53.0,33.432503,25.832499,32.175312,46255.64,17280.428,0.8,0.8,0.0,3.0
2023-07-18,63.0,34.232502,25.832499,32.763287,46232.04,33018.86,10.0,10.0,0.0,8.0
2023-07-19,51.0,32.682503,26.0325,32.421032,46207.52,28434.43,0.5,0.5,0.0,3.0
2023-07-24,63.0,29.9825,24.8825,32.59107,46072.434,19287.783,3.7,3.7,0.0,3.0
2023-07-25,63.0,32.182503,25.4825,33.04214,46043.176,34455.66,5.5,5.5,0.0,6.0
2023-07-26,51.0,33.0325,25.4825,32.713013,46013.25,29523.375,0.6,0.6,0.0,4.0
2023-07-28,53.0,33.8825,26.0325,33.16259,45951.543,36033.875,2.3,2.3,0.0,3.0
2023-07-29,61.0,32.7825,26.3825,33.220623,45919.832,29851.29,7.4,7.4,0.0,13.0
2023-07-30,51.0,31.8825,27.182499,33.25178,45887.594,30931.379,0.70000005,0.70000005,0.0,4.0
2023-08-01,63.0,32.1325,25.832499,33.51658,45821.668,20134.625,9.3,9.3,0.0,7.0
2023-08-04,61.0,32.8825,26.182499,33.18062,45719.637,20344.04,4.3999996,4.3999996,0.0,6.0
2023-08-05,61.0,32.5825,25.4825,33.03084,45684.918,24854.914,3.1999998,3.1999998,0.0,6.0
2023-08-06,61.0,33.5325,26.2325,33.11313,45649.844,23233.447,2.8000002,2.8000002,0.0,4.0
2023-08-07,61.0,32.682503,26.082499,32.910465,45614.137,18337.574,4.9,4.9,0.0,5.0
2023-08-08,63.0,32.932503,25.332499,32.82052,45577.785,23150.508,10.400001,10.400001,0.0,6.0
2023-08-09,63.0,32.5325,24.832499,33.10005,45540.824,26740.438,5.3999996,5.3999996,0.0,9.0
2023-08-10,61.0,32.5825,25.2325,33.683132,45503.297,41074.773,3.1999998,3.1999998,0.0,5.0
2023-08-11,53.0,33.6325,25.332499,34.34795,45465.242,41458.42,1.2,1.2,0.0,3.0
2023-08-12,61.0,33.8825,25.432499,33.92618,45426.69,32030.205,3.0,3.0,0.0,5.0
2023-08-13,63.0,33.3325,25.432499,34.153862,45387.68,36778.797,4.4999995,4.4999995,0.0,5.0
2023-08-14,63.0,34.0325,25.4825,33.78947,45348.25,37271.473,5.9,5.9,0.0,5.0
2023-08-15,63.0,32.932503,25.832499,33.453995,45308.43,35249.293,5.9999995,5.9999995,0.0,4.0
2023-08-16,63.0,32.0825,25.432499,33.458157,45268.26,36720.324,7.7999997,7.7999997,0.0,8.0
2023-08-18,63.0,35.2825,26.1325,33.717934,45187.004,37598.77,3.8999999,3.8999999,0.0,6.0
2023-08-20,63.0,35.3825,25.582499,34.343037,45104.742,33756.2,6.8999996,6.8999996,0.0,13.0
2023-08-22,63.0,30.6325,25.2325,33.22401,45021.73,28286.355,5.8999996,5.8999996,0.0,10.0
2023-08-24,63.0,31.832499,24.832499,33.2173,44938.227,34047.777,7.8,7.8,0.0,9.0
2023-08-25,63.0,31.682499,25.4825,33.184196,44896.363,30432.904,7.2000003,7.2000003,0.0,8.0
2023-08-26,61.0,32.482502,25.2325,32.82497,44854.418,31812.086,5.7,5.7,0.0,8.0
2023-08-27,53.0,32.1325,25.082499,33.256855,44812.09,27496.97,1.1,1.1,0.0,3.0
2023-08-28,51.0,32.232502,25.7325,33.46601,44769.355,35005.188,0.70000005,0.70000005,0.0,5.0
2023-08-29,63.0,31.832499,26.2825,33.907925,44726.258,28405.379,8.1,8.1,0.0,3.0
2023-09-03,61.0,31.7325,25.5325,34.523037,44506.37,41169.58,4.0,4.0,0.0,6.0
2023-09-04,63.0,32.2825,26.2325,34.254772,44461.734,37684.312,10.799999,10.799999,0.0,13.0
2023-09-06,53.0,31.9825,25.7825,33.815983,44372.047,24097.438,1.9000002,1.9000002,0.0,8.0
2023-09-07,53.0,32.5325,26.0325,33.60995,44327.055,31658.342,2.1000001,2.1000001,0.0,11.0
2023-09-08,61.0,31.582499,25.7325,33.369667,44282.0,22455.102,5.3999996,5.3999996,0.0,13.0
2023-09-11,61.0,31.0325,25.9825,32.69279,44146.76,30021.201,5.1,5.1,0.0,8.0
2023-09-13,61.0,30.6325,24.9825,32.57392,44056.82,20206.889,3.5999994,3.5999994,0.0,11.0
2023-09-18,61.0,30.7825,25.182499,33.28291,43831.69,32477.812,3.6,3.6,0.0,6.0
2023-09-19,53.0,31.832499,25.3825,34.470028,43786.094,36845.707,1.2,1.2,0.0,5.0
2023-09-20,51.0,33.0825,25.2825,34.301632,43740.344,34789.29,0.5,0.5,0.0,2.0
2023-09-22,61.0,32.482502,25.182499,34.453773,43648.516,37603.863,4.6000004,4.6000004,0.0,4.0
2023-09-23,53.0,31.6325,25.432499,34.426647,43602.492,34467.71,2.1,2.1,0.0,9.0
2023-09-25,63.0,32.732502,25.9825,35.457073,43510.37,32465.95,6.7999997,6.7999997,0.0,7.0
2023-09-29,55.0,30.3825,25.1325,32.0088,43326.656,28193.7,4.6000004,4.6000004,0.0,11.0
2023-09-30,63.0,29.8825,25.0325,32.92892,43281.01,24132.53,9.7,9.7,0.0,10.0
2023-10-01,63.0,32.682503,25.182499,33.23632,43235.53,33236.625,6.0,6.0,0.0,6.0
2023-10-08,63.0,30.932499,25.2825,33.12357,42921.6,21167.023,9.2,9.2,0.0,15.0
2023-10-09,63.0,31.432499,24.8825,33.265167,42876.7,29872.87,7.8,7.8,0.0,10.0
2023-10-12,53.0,31.832499,24.7825,33.77416,42742.008,38041.727,2.0,2.0,0.0,9.0
2023-10-13,51.0,32.5825,24.932499,34.33041,42697.227,36796.402,0.3,0.3,0.0,2.0
2023-10-14,63.0,32.482502,25.0325,34.27467,42652.566,38073.43,7.2999997,7.2999997,0.0,5.0
2023-10-15,55.0,31.932499,24.5325,33.70785,42608.055,35449.64,2.6,2.6,0.0,6.0
2023-10-16,51.0,31.7325,25.2325,33.503483,42563.727,32650.355,0.2,0.2,0.0,2.0
2023-10-17,51.0,32.5325,25.1325,33.895584,42519.617,34691.17,0.2,0.2,0.0,1.0
2023-10-18,51.0,31.682499,25.2325,34.050262,42475.766,33261.24,0.70000005,0.70000005,0.0,4.0
2023-10-19,53.0,32.1325,25.1325,34.269833,42432.2,33461.113,0.70000005,0.70000005,0.0,2.0
2023-10-20,63.0,32.5825,24.7825,34.574757,42388.965,30017.037,5.4,5.4,0.0,4.0
2023-10-22,63.0,29.582499,24.5325,31.988787,42303.62,19201.717,6.3,6.3,0.0,10.0
2023-10-23,2.0,32.1325,25.082499,33.553318,42261.59,38135.914,0.0,0.0,0.0,0.0
2023-10-24,65.0,31.7325,24.4825,33.150513,42220.035,36886.508,8.9,8.9,0.0,5.0
2023-10-25,63.0,31.0325,25.082499,33.080677,42178.93,32421.807,6.8,6.8,0.0,7.0
2023-10-26,63.0,30.932499,24.832499,33.239838,42137.926,36733.945,7.8,7.8,0.0,8.0
2023-10-27,51.0,30.832499,24.582499,33.682594,42096.99,37346.91,0.4,0.4,0.0,4.0
2023-10-28,61.0,31.6325,24.682499,34.08833,42056.156,37785.504,5.0,5.0,0.0,8.0
2023-10-29,61.0,31.432499,24.932499,32.83525,42015.473,31022.969,4.1,4.1,0.0,11.0
2023-10-30,63.0,30.332499,24.832499,31.741182,41974.973,20438.588,10.300001,10.300001,0.0,10.0
2023-10-31,61.0,30.0325,24.7825,31.518507,41934.7,29700.404,3.5999994,3.5999994,0.0,12.0
2023-11-01,3.0,30.9825,24.332499,32.459972,41894.69,36677.492,0.0,0.0,0.0,0.0
2023-11-02,61.0,30.4825,24.4825,32.986877,41854.99,36697.18,1.6,1.6,0.0,3.0
2023-11-03,1.0,32.8325,24.932499,35.001846,41815.63,37891.016,0.0,0.0,0.0,0.0
2023-11-04,53.0,32.3825,24.7325,34.088097,41776.656,27719.191,1.6,1.6,0.0,6.0
2023-11-06,61.0,32.5825,24.832499,33.271675,41700.043,37572.668,2.3999999,2.3999999,0.0,7.0
2023-11-08,51.0,32.2825,24.932499,34.030212,41625.492,36474.09,0.3,0.3,0.0,3.0
2023-11-09,63.0,30.932499,24.682499,32.97591,41589.098,24845.877,5.7,5.7,0.0,7.0
2023-11-10,63.0,31.432499,24.6325,33.23076,41553.35,32400.0,3.6999998,3.6999998,0.0,7.0
2023-11-11,55.0,31.082499,24.3825,32.534863,41518.3,29002.342,2.3999999,2.3999999,0.0,8.0
2023-11-12,61.0,31.5325,24.432499,32.47938,41483.992,26165.762,2.0,2.0,0.0,4.0
2023-11-13,63.0,31.682499,24.7825,33.11619,41450.473,27678.467,8.0,8.0,0.0,5.0
2023-11-14,53.0,31.682499,24.6325,33.10949,41417.723,36872.21,1.0,1.0,0.0,2.0
2023-11-15,55.0,31.0325,24.682499,32.536934,41385.402,36783.24,1.4000001,1.4000001,0.0,4.0
2023-11-16,63.0,30.8825,23.5325,31.065634,41353.484,30605.336,8.700001,8.700001,0.0,7.0
2023-11-21,1.0,29.682499,21.082499,28.01252,41201.285,37192.45,0.0,0.0,0.0,0.0
2023-11-22,3.0,30.832499,21.6325,29.829453,41172.594,36950.176,0.0,0.0,0.0,0.0
2023-11-23,3.0,31.2325,22.5325,29.94705,41144.574,36620.996,0.0,0.0,0.0,0.0
2023-11-24,1.0,31.1325,22.2825,29.872375,41117.27,37038.152,0.0,0.0,0.0,0.0
2023-11-25,3.0,30.832499,22.8825,29.909172,41090.723,32400.0,0.0,0.0,0.0,0.0
2023-11-26,51.0,31.332499,23.8825,31.105347,41064.97,32577.45,0.70000005,0.70000005,0.0,4.0
2023-11-27,1.0,30.9825,22.3825,30.382736,41040.06,36698.453,0.0,0.0,0.0,0.0
2023-11-28,1.0,29.7325,22.082499,28.2846,41016.02,37013.32,0.0,0.0,0.0,0.0
2023-11-29,3.0,31.1325,22.6325,29.049494,40992.906,32400.0,0.0,0.0,0.0,0.0
2023-11-30,1.0,32.3825,23.6325,31.262232,40970.754,36818.324,0.0,0.0,0.0,0.0
2023-12-01,63.0,31.8825,23.4825,31.92263,40949.61,36000.0,6.8,6.8,0.0,3.0
2023-12-02,51.0,31.8825,23.932499,31.9234,40929.51,36917.61,0.6,0.6,0.0,3.0
2023-12-03,53.0,32.5825,23.932499,32.151318,40910.504,36067.062,1.2,1.2,0.0,3.0
2023-12-04,51.0,32.0825,24.2825,32.673504,40892.586,36386.78,0.2,0.2,0.0,2.0
2023-12-05,63.0,31.7825,24.9825,33.009014,40875.535,32641.555,9.000001,9.000001,0.0,3.0
2023-12-06,63.0,33.732502,23.682499,32.1897,40859.344,36602.836,11.400001,11.400001,0.0,12.0
2023-12-07,3.0,31.5325,23.332499,30.718904,40844.01,37039.94,0.0,0.0,0.0,0.0
2023-12-08,3.0,31.432499,23.432499,31.845999,40829.562,37141.777,0.0,0.0,0.0,0.0
2023-12-09,3.0,32.1325,23.8825,32.81336,40816.02,37379.164,0.0,0.0,0.0,0.0
2023-12-10,3.0,33.2825,24.4825,33.577785,40803.39,37162.574,0.0,0.0,0.0,0.0
2023-12-11,51.0,32.3825,24.2825,33.75461,40791.7,37167.23,0.5,0.5,0.0,4.0
2023-12-12,51.0,34.1325,24.3825,33.417755,40780.96,37398.16,0.1,0.1,0.0,1.0
2023-12-13,51.0,31.932499,24.332499,31.99807,40771.195,36948.367,1.4000001,1.4000001,0.0,8.0
2023-12-14,51.0,32.6325,24.4825,32.57836,40762.414,36721.117,0.3,0.3,0.0,2.0
2023-12-15,1.0,33.482502,24.932499,33.29323,40754.64,37417.3,0.0,0.0,0.0,0.0
2023-12-16,51.0,33.5825,25.1325,33.174347,40747.875,37540.395,0.3,0.3,0.0,3.0
2023-12-17,51.0,32.982502,24.1325,31.491621,40742.156,37311.766,0.6,0.6,0.0,3.0
2023-12-18,51.0,32.232502,23.7825,31.316618,40737.484,37791.934,0.2,0.2,0.0,2.0
2023-12-19,1.0,32.982502,23.932499,31.876297,40733.883,37560.984,0.0,0.0,0.0,0.0
2023-12-20,1.0,33.232502,22.9825,30.749495,40731.36,37808.926,0.0,0.0,0.0,0.0
2023-12-27,2.0,30.5325,21.182499,27.85794,40745.08,38039.715,0.0,0.0,0.0,0.0
2023-12-28,1.0,32.0325,22.182499,28.74058,40751.54,38047.016,0.0,0.0,0.0,0.0
2023-12-29,3.0,31.7325,23.082499,29.63437,40759.086,37128.08,0.0,0.0,0.0,0.0
2023-12-30,1.0,33.182503,22.9825,31.019293,40767.695,38065.273,0.0,0.0,0.0,0.0
2023-12-31,2.0,33.482502,23.4825,31.774475,40777.35,38076.188,0.0,0.0,0.0,0.0
2024-01-01,2.0,33.3325,23.682499,31.964148,40788.027,38088.266,0.0,0.0,0.0,0.0
2024-01-02,2.0,33.0325,23.7325,31.928627,40799.7,38101.46,0.0,0.0,0.0,0.0
2024-01-03,1.0,33.3825,22.7825,29.972597,40812.363,38115.773,0.0,0.0,0.0,0.0
2024-01-04,3.0,32.482502,22.7325,29.800703,40825.98,38131.16,0.0,0.0,0.0,0.0
2024-01-05,3.0,33.3325,22.7825,30.03492,40840.547,38147.598,0.0,0.0,0.0,0.0
2024-01-06,1.0,32.8325,22.7325,30.075897,40856.023,38165.062,0.0,0.0,0.0,0.0
2024-01-07,1.0,32.8825,22.9825,30.254274,40872.4,38183.527,0.0,0.0,0.0,0.0
2024-01-08,1.0,32.732502,23.1325,31.819735,40889.652,38202.965,0.0,0.0,0.0,0.0
2024-01-09,1.0,34.182503,23.2325,32.764553,40907.76,38223.344,0.0,0.0,0.0,0.0
2024-01-10,1.0,33.682503,23.5325,33.75506,40926.707,38244.645,0.0,0.0,0.0,0.0
2024-01-11,53.0,33.182503,25.2825,33.78567,40946.46,38266.836,0.6,0.6,0.0,1.0
2024-01-12,51.0,32.2825,25.2325,33.127064,40967.008,38289.89,0.5,0.5,0.0,3.0
2024-01-13,51.0,32.682503,23.6325,32.777046,40988.37,38313.89,1.4000001,1.4000001,0.0,6.0
2024-01-14,51.0,32.8825,23.5325,31.032244,41010.79,38339.227,0.1,0.1,0.0,1.0
2024-01-15,1.0,32.5825,22.4825,30.497192,41034.26,38365.76,0.0,0.0,0.0,0.0
2024-01-16,1.0,32.3825,22.4825,29.597395,41058.75,38393.426,0.0,0.0,0.0,0.0
2024-01-17,1.0,32.732502,22.3825,29.826088,41084.203,38422.17,0.0,0.0,0.0,0.0
2024-01-18,1.0,32.682503,22.2825,30.937021,41110.586,38451.94,0.0,0.0,0.0,0.0
2024-01-19,1.0,33.182503,23.082499,32.57787,41137.844,38482.68,0.0,0.0,0.0,0.0
2024-01-20,1.0,32.3825,23.6325,31.879442,41165.938,38514.332,0.0,0.0,0.0,0.0
2024-01-21,1.0,33.8325,23.5325,32.439133,41194.824,38546.85,0.0,0.0,0.0,0.0
2024-01-22,2.0,33.5325,23.2325,32.279118,41224.46,38580.188,0.0,0.0,0.0,0.0
2024-01-23,63.0,32.5825,23.2825,30.746248,41254.8,38126.926,10.200001,10.200001,0.0,10.0
2024-01-26,51.0,31.0325,20.8825,27.656914,41349.656,35583.195,0.3,0.3,0.0,1.0
2024-01-27,1.0,32.8325,22.3825,29.950363,41382.406,38757.18,0.0,0.0,0.0,0.0
